,Id,County
0,7000000US1300100001B,Appling
1,7000000US1300100005A,Appling
2,7000000US1300100004D,Appling
3,7000000US1300100005C,Appling
4,7000000US1300100003C,Appling
5,7000000US1300100004A,Appling
6,7000000US1300100004B,Appling
7,7000000US13001000002,Appling
8,7000000US1300100005B,Appling
9,7000000US1300100003B,Appling
10,7000000US1300100001C,Appling
11,7000000US1300100003A,Appling
12,7000000US130010003A1,Appling
13,7000000US1300100004C,Appling
14,7000000US13003000001,Atkinson
15,7000000US13003000002,Atkinson
16,7000000US13003000003,Atkinson
17,7000000US13003000004,Atkinson
18,7000000US130050DOUGL,Bacon
19,7000000US130050NEW L,Bacon
20,7000000US130050TAYLO,Bacon
21,7000000US1300500WARE,Bacon
22,7000000US130050WARNO,Bacon
23,7000000US1300700000A,Baker
24,7000000US1300700000N,Baker
25,7000000US1300700000E,Baker
26,7000000US1300700000H,Baker
27,7000000US1300700000M,Baker
28,7000000US1300900CTY4,Baldwin
29,7000000US1300900CTY2,Baldwin
30,7000000US13009000322,Baldwin
31,7000000US13009000318,Baldwin
32,7000000US1300900CTY5,Baldwin
33,7000000US1300900MONT,Baldwin
34,7000000US13009000319,Baldwin
35,7000000US1300900CTY3,Baldwin
36,7000000US1300900321E,Baldwin
37,7000000US1300900321W,Baldwin
38,7000000US1300900MERI,Baldwin
39,7000000US13009001714,Baldwin
40,7000000US1300900CTY1,Baldwin
41,7000000US1300900CTY6,Baldwin
42,7000000US13011000002,Banks
43,7000000US13011000010,Banks
44,7000000US13011000003,Banks
45,7000000US13011000001,Banks
46,7000000US13011000006,Banks
47,7000000US13011000007,Banks
48,7000000US13011000012,Banks
49,7000000US13011000008,Banks
50,7000000US13011000011,Banks
51,7000000US13011000009,Banks
52,7000000US13011000005,Banks
53,7000000US13011000013,Banks
54,7000000US13011000004,Banks
55,7000000US13013000012,Barrow
56,7000000US13013000009,Barrow
57,7000000US13013000013,Barrow
58,7000000US13013000014,Barrow
59,7000000US13013000015,Barrow
60,7000000US13013000016,Barrow
61,7000000US13013000011,Barrow
62,7000000US13013000001,Barrow
63,7000000US13013000003,Barrow
64,7000000US13013000005,Barrow
65,7000000US13013000002,Barrow
66,7000000US13013000008,Barrow
67,7000000US13013000010,Barrow
68,7000000US13013000007,Barrow
69,7000000US13013000004,Barrow
70,7000000US13013000006,Barrow
71,7000000US13015000002,Bartow
72,7000000US13015000005,Bartow
73,7000000US13015000004,Bartow
74,7000000US13015000006,Bartow
75,7000000US13015000007,Bartow
76,7000000US13015000008,Bartow
77,7000000US13015000009,Bartow
78,7000000US13015000010,Bartow
79,7000000US13015000011,Bartow
80,7000000US13015000003,Bartow
81,7000000US13015000014,Bartow
82,7000000US13015000016,Bartow
83,7000000US13015000017,Bartow
84,7000000US13015000001,Bartow
85,7000000US13015000012,Bartow
86,7000000US13015000015,Bartow
87,7000000US13015000018,Bartow
88,7000000US13017000002,Ben Hill
89,7000000US13017000001,Ben Hill
90,7000000US13019000518,Berrien
91,7000000US13019001144,Berrien
92,7000000US13019001642,Berrien
93,7000000US13019001157,Berrien
94,7000000US13019011062,Berrien
95,7000000US13021000HO1,Bibb
96,7000000US13021000VV4,Bibb
97,7000000US13021000EM1,Bibb
98,7000000US13021000HA5,Bibb
99,7000000US13021000GF4,Bibb
100,7000000US13021000VV3,Bibb
101,7000000US13021000HA2,Bibb
102,7000000US13021000WA1,Bibb
103,7000000US13021000HO3,Bibb
104,7000000US13021000HA3,Bibb
105,7000000US13021000HO6,Bibb
106,7000000US13021000RU1,Bibb
107,7000000US13021000HO5,Bibb
108,7000000US13021000VV5,Bibb
109,7000000US13021000RU2,Bibb
110,7000000US13021000EM3,Bibb
111,7000000US13021000EM2,Bibb
112,7000000US13021000EM4,Bibb
113,7000000US13021000WA2,Bibb
114,7000000US13021000GF5,Bibb
115,7000000US13021000HO2,Bibb
116,7000000US13021000VV6,Bibb
117,7000000US13021000HO7,Bibb
118,7000000US13021000HO4,Bibb
119,7000000US13021000EM5,Bibb
120,7000000US13021000GF1,Bibb
121,7000000US13021000GF3,Bibb
122,7000000US13021000HA1,Bibb
123,7000000US13021000VV2,Bibb
124,7000000US13021000VV1,Bibb
125,7000000US13021000GF2,Bibb
126,7000000US13021000HA4,Bibb
127,7000000US13023000001,Bleckley
128,7000000US13025000002,Brantley
129,7000000US13025000001,Brantley
130,7000000US13025000003,Brantley
131,7000000US13027001199,Brooks
132,7000000US13027001712,Brooks
133,7000000US13027001402,Brooks
134,7000000US13027001650,Brooks
135,7000000US13027000660,Brooks
136,7000000US13027000659,Brooks
137,7000000US13027001230,Brooks
138,7000000US13029000004,Bryan
139,7000000US13029000002,Bryan
140,7000000US13029000006,Bryan
141,7000000US13029000003,Bryan
142,7000000US13029000007,Bryan
143,7000000US13029000010,Bryan
144,7000000US13029000008,Bryan
145,7000000US13029000009,Bryan
146,7000000US13029000001,Bryan
147,7000000US13029000005,Bryan
148,7000000US13031000006,Bulloch
149,7000000US13031000003,Bulloch
150,7000000US13031000001,Bulloch
151,7000000US13031000004,Bulloch
152,7000000US13031000009,Bulloch
153,7000000US13031000002,Bulloch
154,7000000US13031000010,Bulloch
155,7000000US13031000013,Bulloch
156,7000000US13031000007,Bulloch
157,7000000US13031000008,Bulloch
158,7000000US13031000012,Bulloch
159,7000000US13031000014,Bulloch
160,7000000US13031000005,Bulloch
161,7000000US13031000011,Bulloch
162,7000000US13031000015,Bulloch
163,7000000US13031000016,Bulloch
164,7000000US13033000015,Burke
165,7000000US13033000012,Burke
166,7000000US13033000001,Burke
167,7000000US13033000011,Burke
168,7000000US13033000005,Burke
169,7000000US13033000006,Burke
170,7000000US13033000004,Burke
171,7000000US13033000002,Burke
172,7000000US13033000010,Burke
173,7000000US13033000008,Burke
174,7000000US13033000003,Burke
175,7000000US13033000007,Burke
176,7000000US13033000009,Burke
177,7000000US13033000013,Burke
178,7000000US13033000016,Burke
179,7000000US13033000014,Burke
180,7000000US1303500JENK,Butts
181,7000000US130350STARK,Butts
182,7000000US130350WORTH,Butts
183,7000000US1303500BCCC,Butts
184,7000000US13035000TOW,Butts
185,7000000US13037000002,Calhoun
186,7000000US13037000001,Calhoun
187,7000000US13037000005,Calhoun
188,7000000US13037000004,Calhoun
189,7000000US13037000003,Calhoun
190,7000000US13039000004,Camden
191,7000000US13039000013,Camden
192,7000000US13039000005,Camden
193,7000000US13039000006,Camden
194,7000000US13039000007,Camden
195,7000000US13039000014,Camden
196,7000000US13039000001,Camden
197,7000000US13039000002,Camden
198,7000000US13039000003,Camden
199,7000000US13039000008,Camden
200,7000000US13039000009,Camden
201,7000000US13039000011,Camden
202,7000000US13039000010,Camden
203,7000000US13039000012,Camden
204,7000000US13043001685,Candler
205,7000000US13043001733,Candler
206,7000000US13043001734,Candler
207,7000000US13043001736,Candler
208,7000000US13043088888,Candler
209,7000000US13043099999,Candler
210,7000000US13045000501,Carroll
211,7000000US130450714A3,Carroll
212,7000000US13045001496,Carroll
213,7000000US13045001111,Carroll
214,7000000US13045001152,Carroll
215,7000000US130450714A5,Carroll
216,7000000US130450714BN,Carroll
217,7000000US13045001540,Carroll
218,7000000US13045000641,Carroll
219,7000000US13045000640,Carroll
220,7000000US130450714A2,Carroll
221,7000000US13045001542,Carroll
222,7000000US13045001122,Carroll
223,7000000US13045001483,Carroll
224,7000000US13045001240,Carroll
225,7000000US13045000716,Carroll
226,7000000US13045001163,Carroll
227,7000000US13045000715,Carroll
228,7000000US130450714BW,Carroll
229,7000000US13045000642,Carroll
230,7000000US13045000713,Carroll
231,7000000US13045001371,Carroll
232,7000000US13045001006,Carroll
233,7000000US130450714A6,Carroll
234,7000000US13045001533,Carroll
235,7000000US130450714A1,Carroll
236,7000000US130450714A4,Carroll
237,7000000US13045000682,Carroll
238,7000000US13045000649,Carroll
239,7000000US13045000650,Carroll
240,7000000US1304700BLCK,Catoosa
241,7000000US1304700BOYN,Catoosa
242,7000000US1304700CAKT,Catoosa
243,7000000US1304700CHAM,Catoosa
244,7000000US1304700FT O,Catoosa
245,7000000US1304700GRAY,Catoosa
246,7000000US1304700LAKE,Catoosa
247,7000000US1304700POPS,Catoosa
248,7000000US1304700RING,Catoosa
249,7000000US1304700WEST,Catoosa
250,7000000US1304700WOOD,Catoosa
251,7000000US1304900004A,Charlton
252,7000000US1304900003B,Charlton
253,7000000US13049000002,Charlton
254,7000000US1304900005F,Charlton
255,7000000US1304900004H,Charlton
256,7000000US1304900005R,Charlton
257,7000000US1304900003S,Charlton
258,7000000US1304900005W,Charlton
259,7000000US1305103-05C,Chatham
260,7000000US1305105-01C,Chatham
261,7000000US1305108-12C,Chatham
262,7000000US1305101-14C,Chatham
263,7000000US1305103-10C,Chatham
264,7000000US1305107-08C,Chatham
265,7000000US1305108-02C,Chatham
266,7000000US1305108-11C,Chatham
267,7000000US1305105-03C,Chatham
268,7000000US1305108-01C,Chatham
269,7000000US1305103-09C,Chatham
270,7000000US1305101-13C,Chatham
271,7000000US1305103-15C,Chatham
272,7000000US1305105-07C,Chatham
273,7000000US1305101-06C,Chatham
274,7000000US1305101-16C,Chatham
275,7000000US1305103-04C,Chatham
276,7000000US1305104-06C,Chatham
277,7000000US1305101-01C,Chatham
278,7000000US1305107-01C,Chatham
279,7000000US1305108-15C,Chatham
280,7000000US1305106-10C,Chatham
281,7000000US1305102-04C,Chatham
282,7000000US1305101-08C,Chatham
283,7000000US1305106-03C,Chatham
284,7000000US1305102-05C,Chatham
285,7000000US1305106-01C,Chatham
286,7000000US1305101-09C,Chatham
287,7000000US1305104-02C,Chatham
288,7000000US1305101-17C,Chatham
289,7000000US1305101-12C,Chatham
290,7000000US1305101-10C,Chatham
291,7000000US1305101-05C,Chatham
292,7000000US1305103-08C,Chatham
293,7000000US1305105-11C,Chatham
294,7000000US1305105-05C,Chatham
295,7000000US1305104-07C,Chatham
296,7000000US1305108-09C,Chatham
297,7000000US1305108-03C,Chatham
298,7000000US1305103-01C,Chatham
299,7000000US1305104-04C,Chatham
300,7000000US1305107-06C,Chatham
301,7000000US1305107-04C,Chatham
302,7000000US1305107-03C,Chatham
303,7000000US1305107-10C,Chatham
304,7000000US1305105-10C,Chatham
305,7000000US1305108-08C,Chatham
306,7000000US1305102-06C,Chatham
307,7000000US1305103-02C,Chatham
308,7000000US1305107-07C,Chatham
309,7000000US1305108-13C,Chatham
310,7000000US1305103-03C,Chatham
311,7000000US1305105-02C,Chatham
312,7000000US1305102-07C,Chatham
313,7000000US1305104-13C,Chatham
314,7000000US1305104-14C,Chatham
315,7000000US1305104-15C,Chatham
316,7000000US1305102-11C,Chatham
317,7000000US1305103-11C,Chatham
318,7000000US1305105-08C,Chatham
319,7000000US1305107-09C,Chatham
320,7000000US1305102-02C,Chatham
321,7000000US1305104-12C,Chatham
322,7000000US1305106-08C,Chatham
323,7000000US1305104-05C,Chatham
324,7000000US1305108-10C,Chatham
325,7000000US1305102-09C,Chatham
326,7000000US1305106-06C,Chatham
327,7000000US1305103-12C,Chatham
328,7000000US1305108-07C,Chatham
329,7000000US1305108-06C,Chatham
330,7000000US1305104-10C,Chatham
331,7000000US1305102-03C,Chatham
332,7000000US1305108-05C,Chatham
333,7000000US1305102-12C,Chatham
334,7000000US1305104-08C,Chatham
335,7000000US1305106-02C,Chatham
336,7000000US1305106-05C,Chatham
337,7000000US1305106-09C,Chatham
338,7000000US1305107-05C,Chatham
339,7000000US1305107-12C,Chatham
340,7000000US1305107-14C,Chatham
341,7000000US1305103-13C,Chatham
342,7000000US1305107-13C,Chatham
343,7000000US1305106-11C,Chatham
344,7000000US1305103-14C,Chatham
345,7000000US1305105-06C,Chatham
346,7000000US1305107-11C,Chatham
347,7000000US1305104-11C,Chatham
348,7000000US13053000001,Chattahoochee
349,7000000US13055000925,Chattooga
350,7000000US13055000961,Chattooga
351,7000000US130550C-968,Chattooga
352,7000000US13055001382,Chattooga
353,7000000US13055000940,Chattooga
354,7000000US13055001083,Chattooga
355,7000000US13055000968,Chattooga
356,7000000US13055001216,Chattooga
357,7000000US130550P-870,Chattooga
358,7000000US13055000962,Chattooga
359,7000000US13055000927,Chattooga
360,7000000US13055000870,Chattooga
361,7000000US13055001484,Chattooga
362,7000000US13057000004,Cherokee
363,7000000US13057000005,Cherokee
364,7000000US13057000032,Cherokee
365,7000000US13057000033,Cherokee
366,7000000US13057000019,Cherokee
367,7000000US13057000042,Cherokee
368,7000000US13057000023,Cherokee
369,7000000US13057000012,Cherokee
370,7000000US13057000002,Cherokee
371,7000000US13057000040,Cherokee
372,7000000US13057000020,Cherokee
373,7000000US13057000011,Cherokee
374,7000000US13057000007,Cherokee
375,7000000US13057000041,Cherokee
376,7000000US13057000018,Cherokee
377,7000000US13057000006,Cherokee
378,7000000US13057000021,Cherokee
379,7000000US13057000022,Cherokee
380,7000000US13057000037,Cherokee
381,7000000US13057000026,Cherokee
382,7000000US13057000027,Cherokee
383,7000000US13057000028,Cherokee
384,7000000US13057000029,Cherokee
385,7000000US13057000030,Cherokee
386,7000000US13057000001,Cherokee
387,7000000US13057000035,Cherokee
388,7000000US13057000036,Cherokee
389,7000000US13057000043,Cherokee
390,7000000US13057000015,Cherokee
391,7000000US13057000038,Cherokee
392,7000000US13057000016,Cherokee
393,7000000US13057000044,Cherokee
394,7000000US13057000003,Cherokee
395,7000000US13057000009,Cherokee
396,7000000US13057000034,Cherokee
397,7000000US13057000013,Cherokee
398,7000000US13057000024,Cherokee
399,7000000US13057000039,Cherokee
400,7000000US13057000031,Cherokee
401,7000000US13057000010,Cherokee
402,7000000US13057000008,Cherokee
403,7000000US13057000014,Cherokee
404,7000000US1305900005D,Clarke
405,7000000US1305900007B,Clarke
406,7000000US1305900005C,Clarke
407,7000000US1305900006B,Clarke
408,7000000US1305900004A,Clarke
409,7000000US1305900008B,Clarke
410,7000000US1305900006A,Clarke
411,7000000US1305900007C,Clarke
412,7000000US1305900006D,Clarke
413,7000000US1305900008C,Clarke
414,7000000US1305900002B,Clarke
415,7000000US1305900002A,Clarke
416,7000000US1305900001B,Clarke
417,7000000US1305900008A,Clarke
418,7000000US1305900003A,Clarke
419,7000000US1305900004B,Clarke
420,7000000US1305900005A,Clarke
421,7000000US1305900003B,Clarke
422,7000000US1305900006C,Clarke
423,7000000US1305900007A,Clarke
424,7000000US1305900001C,Clarke
425,7000000US1305900001D,Clarke
426,7000000US1305900005B,Clarke
427,7000000US1305900001A,Clarke
428,7000000US13061000001,Clay
429,7000000US13061000002,Clay
430,7000000US13061000003,Clay
431,7000000US13061000004,Clay
432,7000000US13061000005,Clay
433,7000000US13063000MO5,Clayton
434,7000000US13063000MO1,Clayton
435,7000000US1306300JB11,Clayton
436,7000000US13063000FP4,Clayton
437,7000000US1306300JB13,Clayton
438,7000000US1306300JB02,Clayton
439,7000000US1306300OAK4,Clayton
440,7000000US1306300RD03,Clayton
441,7000000US1306300JB12,Clayton
442,7000000US1306300JB09,Clayton
443,7000000US13063000EW1,Clayton
444,7000000US13063000MO4,Clayton
445,7000000US1306300RD07,Clayton
446,7000000US13063000FP1,Clayton
447,7000000US13063000FP3,Clayton
448,7000000US1306300RD11,Clayton
449,7000000US13063000LJ5,Clayton
450,7000000US13063000FP6,Clayton
451,7000000US13063000FP2,Clayton
452,7000000US1306300JB18,Clayton
453,7000000US1306300JB05,Clayton
454,7000000US13063000LJ4,Clayton
455,7000000US1306300JB16,Clayton
456,7000000US1306300JB04,Clayton
457,7000000US1306300RD02,Clayton
458,7000000US1306300JB15,Clayton
459,7000000US1306300JB03,Clayton
460,7000000US13063000LJ3,Clayton
461,7000000US13063000LJ2,Clayton
462,7000000US1306300JB06,Clayton
463,7000000US13063000MO7,Clayton
464,7000000US13063000MO2,Clayton
465,7000000US13063000MO3,Clayton
466,7000000US1306300JB08,Clayton
467,7000000US1306300JB07,Clayton
468,7000000US13063000LJ1,Clayton
469,7000000US1306300OAK1,Clayton
470,7000000US1306300OAK2,Clayton
471,7000000US1306300RD01,Clayton
472,7000000US13063000FP5,Clayton
473,7000000US1306300JB17,Clayton
474,7000000US1306300JB01,Clayton
475,7000000US13063000MO8,Clayton
476,7000000US13063000MO9,Clayton
477,7000000US1306300RD08,Clayton
478,7000000US1306300RD04,Clayton
479,7000000US1306300RD09,Clayton
480,7000000US1306300RD10,Clayton
481,7000000US1306300RD05,Clayton
482,7000000US1306300RD12,Clayton
483,7000000US13063000PH1,Clayton
484,7000000US1306300JB10,Clayton
485,7000000US1306300JB14,Clayton
486,7000000US1306300RD06,Clayton
487,7000000US13063000MO6,Clayton
488,7000000US1306300OAK3,Clayton
489,7000000US13063000PH2,Clayton
490,7000000US13063000LC1,Clayton
491,7000000US130650000AB,Clinch
492,7000000US1306500000H,Clinch
493,7000000US1306500000D,Clinch
494,7000000US1306500000F,Clinch
495,7000000US130650000AG,Clinch
496,7000000US1306700AC1B,Cobb
497,7000000US1306700AD01,Cobb
498,7000000US1306700SN2A,Cobb
499,7000000US1306700SN1A,Cobb
500,7000000US1306700AU1A,Cobb
501,7000000US1306700BK01,Cobb
502,7000000US1306700SN5A,Cobb
503,7000000US1306700BR01,Cobb
504,7000000US1306700BW01,Cobb
505,7000000US1306700LM03,Cobb
506,7000000US1306700BT01,Cobb
507,7000000US1306700ML01,Cobb
508,7000000US1306700PM02,Cobb
509,7000000US1306700SN6A,Cobb
510,7000000US1306700MR4C,Cobb
511,7000000US1306700CH03,Cobb
512,7000000US1306700CR01,Cobb
513,7000000US1306700WG02,Cobb
514,7000000US1306700EL01,Cobb
515,7000000US1306700DI01,Cobb
516,7000000US1306700VG04,Cobb
517,7000000US1306700CK01,Cobb
518,7000000US1306700EA01,Cobb
519,7000000US1306700CO01,Cobb
520,7000000US1306700DV01,Cobb
521,7000000US1306700DC01,Cobb
522,7000000US1306700DO01,Cobb
523,7000000US1306700LM04,Cobb
524,7000000US1306700DL01,Cobb
525,7000000US1306700KP01,Cobb
526,7000000US1306700MR2B,Cobb
527,7000000US1306700DU01,Cobb
528,7000000US1306700RW01,Cobb
529,7000000US1306700MT03,Cobb
530,7000000US1306700MR6B,Cobb
531,7000000US1306700TM01,Cobb
532,7000000US1306700GT01,Cobb
533,7000000US1306700EP01,Cobb
534,7000000US1306700OR03,Cobb
535,7000000US1306700FO05,Cobb
536,7000000US1306700VG03,Cobb
537,7000000US1306700PS3A,Cobb
538,7000000US1306700MA04,Cobb
539,7000000US1306700FR01,Cobb
540,7000000US1306700FY01,Cobb
541,7000000US1306700FP01,Cobb
542,7000000US1306700GM01,Cobb
543,7000000US1306700KE1A,Cobb
544,7000000US1306700HR01,Cobb
545,7000000US1306700HY01,Cobb
546,7000000US1306700PP01,Cobb
547,7000000US1306700OR04,Cobb
548,7000000US1306700SM03,Cobb
549,7000000US1306700SO01,Cobb
550,7000000US1306700SA01,Cobb
551,7000000US1306700BF02,Cobb
552,7000000US1306700PF01,Cobb
553,7000000US1306700MT01,Cobb
554,7000000US1306700KL01,Cobb
555,7000000US1306700KE4A,Cobb
556,7000000US1306700KE2A,Cobb
557,7000000US1306700BG01,Cobb
558,7000000US1306700EL02,Cobb
559,7000000US1306700FO04,Cobb
560,7000000US1306700LA01,Cobb
561,7000000US1306700LW01,Cobb
562,7000000US1306700MS02,Cobb
563,7000000US1306700MR6A,Cobb
564,7000000US1306700LM02,Cobb
565,7000000US1306700SO03,Cobb
566,7000000US1306700MA01,Cobb
567,7000000US1306700MB01,Cobb
568,7000000US1306700OR05,Cobb
569,7000000US1306700EL03,Cobb
570,7000000US1306700EL04,Cobb
571,7000000US1306700MR7A,Cobb
572,7000000US1306700MR2A,Cobb
573,7000000US1306700MR1A,Cobb
574,7000000US1306700MS01,Cobb
575,7000000US1306700KE3A,Cobb
576,7000000US1306700MK01,Cobb
577,7000000US1306700ME01,Cobb
578,7000000US1306700MC01,Cobb
579,7000000US1306700FO02,Cobb
580,7000000US1306700MT04,Cobb
581,7000000US1306700CH02,Cobb
582,7000000US1306700RW02,Cobb
583,7000000US1306700MD01,Cobb
584,7000000US1306700AC1C,Cobb
585,7000000US1306700CL02,Cobb
586,7000000US1306700KP03,Cobb
587,7000000US1306700LI01,Cobb
588,7000000US1306700RS01,Cobb
589,7000000US1306700NS01,Cobb
590,7000000US1306700NJ01,Cobb
591,7000000US1306700BF03,Cobb
592,7000000US1306700NC01,Cobb
593,7000000US1306700HT01,Cobb
594,7000000US1306700AC1A,Cobb
595,7000000US1306700NP01,Cobb
596,7000000US1306700FO01,Cobb
597,7000000US1306700PR01,Cobb
598,7000000US1306700PE01,Cobb
599,7000000US1306700SY01,Cobb
600,7000000US1306700PT01,Cobb
601,7000000US1306700PS1A,Cobb
602,7000000US1306700SW01,Cobb
603,7000000US1306700SW02,Cobb
604,7000000US1306700KE5A,Cobb
605,7000000US1306700VG02,Cobb
606,7000000US1306700WL01,Cobb
607,7000000US1306700CA01,Cobb
608,7000000US1306700RM01,Cobb
609,7000000US1306700PS2A,Cobb
610,7000000US1306700BR02,Cobb
611,7000000US1306700EL05,Cobb
612,7000000US1306700SF01,Cobb
613,7000000US1306700SI01,Cobb
614,7000000US1306700MA02,Cobb
615,7000000US1306700SN7A,Cobb
616,7000000US1306700SN3A,Cobb
617,7000000US1306700SO02,Cobb
618,7000000US1306700HL01,Cobb
619,7000000US1306700OK01,Cobb
620,7000000US1306700OR01,Cobb
621,7000000US1306700SM01,Cobb
622,7000000US1306700TR01,Cobb
623,7000000US1306700SN4A,Cobb
624,7000000US1306700MR4B,Cobb
625,7000000US1306700BT02,Cobb
626,7000000US1306700VA01,Cobb
627,7000000US1306700VG01,Cobb
628,7000000US1306700OR02,Cobb
629,7000000US1306700PO01,Cobb
630,7000000US1306700KP02,Cobb
631,7000000US1306700LM01,Cobb
632,7000000US1306700MR5A,Cobb
633,7000000US1306700MA03,Cobb
634,7000000US1306700EA02,Cobb
635,7000000US1306700MR5B,Cobb
636,7000000US1306700MR3A,Cobb
637,7000000US1306700MR4A,Cobb
638,7000000US1306700CL01,Cobb
639,7000000US1306700PM01,Cobb
640,7000000US1306700BG02,Cobb
641,7000000US13069000003,Coffee
642,7000000US13069000005,Coffee
643,7000000US13069000006,Coffee
644,7000000US13069000002,Coffee
645,7000000US13069000004,Coffee
646,7000000US13069000001,Coffee
647,7000000US13071000001,Colquitt
648,7000000US13071000007,Colquitt
649,7000000US13071000020,Colquitt
650,7000000US13071000008,Colquitt
651,7000000US13071000014,Colquitt
652,7000000US13071000009,Colquitt
653,7000000US13071000010,Colquitt
654,7000000US13071000023,Colquitt
655,7000000US13071000011,Colquitt
656,7000000US13071000012,Colquitt
657,7000000US13071000013,Colquitt
658,7000000US13071000015,Colquitt
659,7000000US13071000017,Colquitt
660,7000000US13071000018,Colquitt
661,7000000US13071000019,Colquitt
662,7000000US13071000016,Colquitt
663,7000000US13071000021,Colquitt
664,7000000US13071000002,Colquitt
665,7000000US13071000022,Colquitt
666,7000000US13073000090,Columbia
667,7000000US13073000100,Columbia
668,7000000US13073000108,Columbia
669,7000000US13073000120,Columbia
670,7000000US13073000070,Columbia
671,7000000US13073000136,Columbia
672,7000000US13073000075,Columbia
673,7000000US13073000050,Columbia
674,7000000US13073000137,Columbia
675,7000000US13073000125,Columbia
676,7000000US13073000051,Columbia
677,7000000US13073000040,Columbia
678,7000000US13073000026,Columbia
679,7000000US13073000060,Columbia
680,7000000US13073000134,Columbia
681,7000000US13073000130,Columbia
682,7000000US13073000065,Columbia
683,7000000US13073000107,Columbia
684,7000000US13073000131,Columbia
685,7000000US13073000032,Columbia
686,7000000US13073000061,Columbia
687,7000000US13073000030,Columbia
688,7000000US13073000031,Columbia
689,7000000US13073000033,Columbia
690,7000000US13073000021,Columbia
691,7000000US13073000020,Columbia
692,7000000US13073000010,Columbia
693,7000000US13073000111,Columbia
694,7000000US13073000015,Columbia
695,7000000US13073000115,Columbia
696,7000000US13073000080,Columbia
697,7000000US13073000076,Columbia
698,7000000US13073000063,Columbia
699,7000000US13073000062,Columbia
700,7000000US13073000135,Columbia
701,7000000US13073000110,Columbia
702,7000000US13073000105,Columbia
703,7000000US13073000132,Columbia
704,7000000US13073000085,Columbia
705,7000000US13073000016,Columbia
706,7000000US13073000064,Columbia
707,7000000US13073000109,Columbia
708,7000000US13073000074,Columbia
709,7000000US13073000025,Columbia
710,7000000US13073000017,Columbia
711,7000000US13073000034,Columbia
712,7000000US1307500000C,Cook
713,7000000US130750000EP,Cook
714,7000000US1307500000L,Cook
715,7000000US130750000NL,Cook
716,7000000US1307500000S,Cook
717,7000000US130750000DB,Cook
718,7000000US130750000RB,Cook
719,7000000US1307500000M,Cook
720,7000000US13077000023,Coweta
721,7000000US13077000017,Coweta
722,7000000US13077000003,Coweta
723,7000000US13077000008,Coweta
724,7000000US13077000027,Coweta
725,7000000US13077000013,Coweta
726,7000000US13077000019,Coweta
727,7000000US13077000004,Coweta
728,7000000US13077000016,Coweta
729,7000000US13077000007,Coweta
730,7000000US13077000009,Coweta
731,7000000US13077000028,Coweta
732,7000000US13077000022,Coweta
733,7000000US13077000002,Coweta
734,7000000US13077000005,Coweta
735,7000000US13077000025,Coweta
736,7000000US13077000012,Coweta
737,7000000US13077000018,Coweta
738,7000000US13077000006,Coweta
739,7000000US13077000015,Coweta
740,7000000US13077000026,Coweta
741,7000000US13077000024,Coweta
742,7000000US13077000021,Coweta
743,7000000US13077000010,Coweta
744,7000000US13077000011,Coweta
745,7000000US13077000020,Coweta
746,7000000US13077000001,Coweta
747,7000000US13077000014,Coweta
748,7000000US1307900001B,Crawford
749,7000000US13079000003,Crawford
750,7000000US1307900001A,Crawford
751,7000000US13079000002,Crawford
752,7000000US13079000004,Crawford
753,7000000US13079000005,Crawford
754,7000000US130810CONEY,Crisp
755,7000000US130810ARABI,Crisp
756,7000000US130810CORDE,Crisp
757,7000000US130810JAMES,Crisp
758,7000000US130810LISTO,Crisp
759,7000000US13083000960,Dade
760,7000000US13083001038,Dade
761,7000000US13083001885,Dade
762,7000000US13083001214,Dade
763,7000000US13083000974,Dade
764,7000000US13083001889,Dade
765,7000000US13083001222,Dade
766,7000000US13085000002,Dawson
767,7000000US13085000001,Dawson
768,7000000US13085000003,Dawson
769,7000000US13087000694,Decatur
770,7000000US13087001361,Decatur
771,7000000US13087000513,Decatur
772,7000000US13087000514,Decatur
773,7000000US13087001342,Decatur
774,7000000US13087001325,Decatur
775,7000000US13087001805,Decatur
776,7000000US13087001613,Decatur
777,7000000US13087001277,Decatur
778,7000000US130890000AA,Dekalb
779,7000000US130890000SU,Dekalb
780,7000000US130890000RL,Dekalb
781,7000000US130890000LD,Dekalb
782,7000000US130890000EG,Dekalb
783,7000000US130890000AE,Dekalb
784,7000000US130890000SR,Dekalb
785,7000000US130890000BM,Dekalb
786,7000000US130890000MV,Dekalb
787,7000000US130890000MR,Dekalb
788,7000000US130890000BG,Dekalb
789,7000000US130890000ND,Dekalb
790,7000000US130890000BD,Dekalb
791,7000000US130890000BF,Dekalb
792,7000000US130890000BJ,Dekalb
793,7000000US130890000CD,Dekalb
794,7000000US130890000CR,Dekalb
795,7000000US130890000CS,Dekalb
796,7000000US130890000CE,Dekalb
797,7000000US130890000CZ,Dekalb
798,7000000US130890000CG,Dekalb
799,7000000US130890000CJ,Dekalb
800,7000000US130890000CK,Dekalb
801,7000000US130890000CC,Dekalb
802,7000000US130890000CM,Dekalb
803,7000000US130890000CT,Dekalb
804,7000000US130890000CU,Dekalb
805,7000000US130890000CP,Dekalb
806,7000000US130890000DC,Dekalb
807,7000000US130890000ER,Dekalb
808,7000000US130890000DE,Dekalb
809,7000000US130890000MA,Dekalb
810,7000000US130890000EF,Dekalb
811,7000000US130890000RK,Dekalb
812,7000000US130890000FA,Dekalb
813,7000000US130890000FB,Dekalb
814,7000000US130890000CV,Dekalb
815,7000000US130890000TF,Dekalb
816,7000000US130890000PG,Dekalb
817,7000000US130890000MT,Dekalb
818,7000000US130890000RJ,Dekalb
819,7000000US130890000FK,Dekalb
820,7000000US130890000FC,Dekalb
821,7000000US130890000FL,Dekalb
822,7000000US130890000FM,Dekalb
823,7000000US130890000RE,Dekalb
824,7000000US130890000FE,Dekalb
825,7000000US130890000PN,Dekalb
826,7000000US130890000TA,Dekalb
827,7000000US130890000GC,Dekalb
828,7000000US130890000HA,Dekalb
829,7000000US130890000SC,Dekalb
830,7000000US130890000HB,Dekalb
831,7000000US130890000HC,Dekalb
832,7000000US130890000CA,Dekalb
833,7000000US130890000EC,Dekalb
834,7000000US130890000GA,Dekalb
835,7000000US130890000BR,Dekalb
836,7000000US130890000IA,Dekalb
837,7000000US130890000IB,Dekalb
838,7000000US130890000LB,Dekalb
839,7000000US130890000BB,Dekalb
840,7000000US130890000JB,Dekalb
841,7000000US130890000KC,Dekalb
842,7000000US130890000KA,Dekalb
843,7000000US130890000KE,Dekalb
844,7000000US130890000LA,Dekalb
845,7000000US130890000MK,Dekalb
846,7000000US130890000LH,Dekalb
847,7000000US130890000CI,Dekalb
848,7000000US130890000MC,Dekalb
849,7000000US130890000HI,Dekalb
850,7000000US130890000ME,Dekalb
851,7000000US130890000CL,Dekalb
852,7000000US130890000ML,Dekalb
853,7000000US130890000MG,Dekalb
854,7000000US130890000MM,Dekalb
855,7000000US130890000MH,Dekalb
856,7000000US130890000SH,Dekalb
857,7000000US130890000BH,Dekalb
858,7000000US130890000CF,Dekalb
859,7000000US130890000HH,Dekalb
860,7000000US130890000RI,Dekalb
861,7000000US130890000WD,Dekalb
862,7000000US130890000FJ,Dekalb
863,7000000US130890000OA,Dekalb
864,7000000US130890000OB,Dekalb
865,7000000US130890000OK,Dekalb
866,7000000US130890000MF,Dekalb
867,7000000US130890000MI,Dekalb
868,7000000US130890000PI,Dekalb
869,7000000US130890000PF,Dekalb
870,7000000US130890000RA,Dekalb
871,7000000US130890000SS,Dekalb
872,7000000US130890000RC,Dekalb
873,7000000US130890000RM,Dekalb
874,7000000US130890000RH,Dekalb
875,7000000US130890000TH,Dekalb
876,7000000US130890000RN,Dekalb
877,7000000US130890000RF,Dekalb
878,7000000US130890000MN,Dekalb
879,7000000US130890000RG,Dekalb
880,7000000US130890000SA,Dekalb
881,7000000US130890000SM,Dekalb
882,7000000US130890000SK,Dekalb
883,7000000US130890000SN,Dekalb
884,7000000US130890000VB,Dekalb
885,7000000US130890000HG,Dekalb
886,7000000US130890000SG,Dekalb
887,7000000US130890000MW,Dekalb
888,7000000US130890000AG,Dekalb
889,7000000US130890000PH,Dekalb
890,7000000US130890000SV,Dekalb
891,7000000US130890000ST,Dekalb
892,7000000US130890000SJ,Dekalb
893,7000000US130890000SP,Dekalb
894,7000000US130890000SQ,Dekalb
895,7000000US130890000SL,Dekalb
896,7000000US130890000GB,Dekalb
897,7000000US130890000SO,Dekalb
898,7000000US130890000PE,Dekalb
899,7000000US130890000TC,Dekalb
900,7000000US130890000NC,Dekalb
901,7000000US130890000WA,Dekalb
902,7000000US130890000WI,Dekalb
903,7000000US130890000WB,Dekalb
904,7000000US130890000WK,Dekalb
905,7000000US130890000RD,Dekalb
906,7000000US130890000WF,Dekalb
907,7000000US130890000WG,Dekalb
908,7000000US130890000LV,Dekalb
909,7000000US130890000MD,Dekalb
910,7000000US130890000MP,Dekalb
911,7000000US130890000WN,Dekalb
912,7000000US130890000BC,Dekalb
913,7000000US130890000JA,Dekalb
914,7000000US130890000KD,Dekalb
915,7000000US130890000CW,Dekalb
916,7000000US130890000OV,Dekalb
917,7000000US130890000SD,Dekalb
918,7000000US130890000SI,Dekalb
919,7000000US130890000YA,Dekalb
920,7000000US130890000BL,Dekalb
921,7000000US130890000CN,Dekalb
922,7000000US130890000FG,Dekalb
923,7000000US130890000PC,Dekalb
924,7000000US130890000LC,Dekalb
925,7000000US130890000MZ,Dekalb
926,7000000US130890000PR,Dekalb
927,7000000US130890000CB,Dekalb
928,7000000US130890000MB,Dekalb
929,7000000US130890000AI,Dekalb
930,7000000US130890000AF,Dekalb
931,7000000US130890000GF,Dekalb
932,7000000US130890000MQ,Dekalb
933,7000000US130890000DF,Dekalb
934,7000000US130890000CH,Dekalb
935,7000000US130890000WL,Dekalb
936,7000000US130890000DI,Dekalb
937,7000000US130890000HF,Dekalb
938,7000000US130890000KB,Dekalb
939,7000000US130890000TG,Dekalb
940,7000000US130890000AD,Dekalb
941,7000000US130890000NF,Dekalb
942,7000000US130890000PB,Dekalb
943,7000000US130890000MS,Dekalb
944,7000000US130890000DG,Dekalb
945,7000000US130890000GD,Dekalb
946,7000000US130890000DA,Dekalb
947,7000000US130890000DB,Dekalb
948,7000000US130890000CQ,Dekalb
949,7000000US130890000EA,Dekalb
950,7000000US130890000AB,Dekalb
951,7000000US130890000BE,Dekalb
952,7000000US130890000CO,Dekalb
953,7000000US130890000WJ,Dekalb
954,7000000US130890000MJ,Dekalb
955,7000000US130890000SF,Dekalb
956,7000000US130890000EE,Dekalb
957,7000000US130890000LE,Dekalb
958,7000000US130890000AH,Dekalb
959,7000000US130890000SE,Dekalb
960,7000000US130890000KG,Dekalb
961,7000000US130890000MU,Dekalb
962,7000000US130890000BI,Dekalb
963,7000000US130890000NB,Dekalb
964,7000000US130890000SB,Dekalb
965,7000000US130890000DH,Dekalb
966,7000000US130890000MO,Dekalb
967,7000000US130890000PA,Dekalb
968,7000000US130890000WC,Dekalb
969,7000000US130910CHAUN,Dodge
970,7000000US130910MULLI,Dodge
971,7000000US130910CLARK,Dodge
972,7000000US13091000LEE,Dodge
973,7000000US130910EDDIN,Dodge
974,7000000US130910EMPIR,Dodge
975,7000000US130910JAYBI,Dodge
976,7000000US130910JONES,Dodge
977,7000000US130910MCCRA,Dodge
978,7000000US130910MILAN,Dodge
979,7000000US130910MITCH,Dodge
980,7000000US130910PLAIN,Dodge
981,7000000US130910RAWLI,Dodge
982,7000000US130910PONDT,Dodge
983,7000000US130910VILUL,Dodge
984,7000000US130910YONKE,Dodge
985,7000000US13093000002,Dooly
986,7000000US13093000010,Dooly
987,7000000US13093000005,Dooly
988,7000000US13093000008,Dooly
989,7000000US13093000007,Dooly
990,7000000US13095000027,Dougherty
991,7000000US13095000004,Dougherty
992,7000000US13095000021,Dougherty
993,7000000US13095000026,Dougherty
994,7000000US13095000015,Dougherty
995,7000000US13095000014,Dougherty
996,7000000US13095000003,Dougherty
997,7000000US13095000008,Dougherty
998,7000000US13095000020,Dougherty
999,7000000US13095000006,Dougherty
1000,7000000US13095000012,Dougherty
1001,7000000US13095000011,Dougherty
1002,7000000US13095000001,Dougherty
1003,7000000US13095000025,Dougherty
1004,7000000US13095000018,Dougherty
1005,7000000US13095000023,Dougherty
1006,7000000US13095000022,Dougherty
1007,7000000US13095000017,Dougherty
1008,7000000US13095000010,Dougherty
1009,7000000US13095000002,Dougherty
1010,7000000US13095000019,Dougherty
1011,7000000US13095000005,Dougherty
1012,7000000US13095000009,Dougherty
1013,7000000US13095000028,Dougherty
1014,7000000US13095000013,Dougherty
1015,7000000US13095000007,Dougherty
1016,7000000US13095000016,Dougherty
1017,7000000US13095000024,Dougherty
1018,7000000US13097001258,Douglas
1019,7000000US13097001259,Douglas
1020,7000000US13097001270,Douglas
1021,7000000US13097001271,Douglas
1022,7000000US13097001273,Douglas
1023,7000000US13097001276,Douglas
1024,7000000US13097000731,Douglas
1025,7000000US13097000734,Douglas
1026,7000000US13097000735,Douglas
1027,7000000US1309700736N,Douglas
1028,7000000US1309700736S,Douglas
1029,7000000US13097000737,Douglas
1030,7000000US13097000738,Douglas
1031,7000000US13097000784,Douglas
1032,7000000US13097000733,Douglas
1033,7000000US13097000730,Douglas
1034,7000000US13097000732,Douglas
1035,7000000US13097001275,Douglas
1036,7000000US13097000785,Douglas
1037,7000000US13097000740,Douglas
1038,7000000US13097001260,Douglas
1039,7000000US13097001272,Douglas
1040,7000000US13097001274,Douglas
1041,7000000US13097000729,Douglas
1042,7000000US13097000739,Douglas
1043,7000000US130990000CS,Early
1044,7000000US1309900000H,Early
1045,7000000US130990JAKIN,Early
1046,7000000US1309900CUBA,Early
1047,7000000US1309900000L,Early
1048,7000000US1309900000B,Early
1049,7000000US1309900000A,Early
1050,7000000US1309900000D,Early
1051,7000000US130990000CO,Early
1052,7000000US1309900000F,Early
1053,7000000US1309900000U,Early
1054,7000000US13101001058,Echols
1055,7000000US1310300003B,Effingham
1056,7000000US1310300004A,Effingham
1057,7000000US1310300003D,Effingham
1058,7000000US1310300003A,Effingham
1059,7000000US1310300001D,Effingham
1060,7000000US1310300005C,Effingham
1061,7000000US1310300002C,Effingham
1062,7000000US1310300005A,Effingham
1063,7000000US1310300001C,Effingham
1064,7000000US1310300003C,Effingham
1065,7000000US1310300002B,Effingham
1066,7000000US1310300001B,Effingham
1067,7000000US1310300005B,Effingham
1068,7000000US1310300004B,Effingham
1069,7000000US1310300004C,Effingham
1070,7000000US1310300001A,Effingham
1071,7000000US1310300002A,Effingham
1072,7000000US13105000201,Elbert
1073,7000000US13105000315,Elbert
1074,7000000US13105000197,Elbert
1075,7000000US13105000189,Elbert
1076,7000000US13105000191,Elbert
1077,7000000US13105000190,Elbert
1078,7000000US13105000196,Elbert
1079,7000000US13105000202,Elbert
1080,7000000US13105000192,Elbert
1081,7000000US13105000199,Elbert
1082,7000000US13105000193,Elbert
1083,7000000US13107001333,Emanuel
1084,7000000US13107001429,Emanuel
1085,7000000US13107001208,Emanuel
1086,7000000US13107000053,Emanuel
1087,7000000US13107001560,Emanuel
1088,7000000US13107000052,Emanuel
1089,7000000US13107000057,Emanuel
1090,7000000US13107000058,Emanuel
1091,7000000US13107001748,Emanuel
1092,7000000US13107001502,Emanuel
1093,7000000US13107000050,Emanuel
1094,7000000US13109000011,Evans
1095,7000000US1311100NOON,Fannin
1096,7000000US1311100MORG,Fannin
1097,7000000US1311100FLIN,Fannin
1098,7000000US1311100TOCC,Fannin
1099,7000000US1311100SKEN,Fannin
1100,7000000US1311100HEMP,Fannin
1101,7000000US1311100COLW,Fannin
1102,7000000US1311100MINE,Fannin
1103,7000000US1311100SUGC,Fannin
1104,7000000US1311100MOBI,Fannin
1105,7000000US1311100HOTH,Fannin
1106,7000000US1311100FAIR,Fannin
1107,7000000US13113000024,Fayette
1108,7000000US13113000022,Fayette
1109,7000000US13113000002,Fayette
1110,7000000US13113000019,Fayette
1111,7000000US13113000029,Fayette
1112,7000000US13113000004,Fayette
1113,7000000US13113000035,Fayette
1114,7000000US13113000001,Fayette
1115,7000000US13113000032,Fayette
1116,7000000US13113000009,Fayette
1117,7000000US13113000011,Fayette
1118,7000000US13113000027,Fayette
1119,7000000US13113000025,Fayette
1120,7000000US13113000013,Fayette
1121,7000000US13113000016,Fayette
1122,7000000US13113000010,Fayette
1123,7000000US13113000031,Fayette
1124,7000000US13113000005,Fayette
1125,7000000US13113000003,Fayette
1126,7000000US13113000006,Fayette
1127,7000000US13113000026,Fayette
1128,7000000US13113000008,Fayette
1129,7000000US13113000023,Fayette
1130,7000000US13113000028,Fayette
1131,7000000US13113000017,Fayette
1132,7000000US13113000030,Fayette
1133,7000000US13113000018,Fayette
1134,7000000US13113000012,Fayette
1135,7000000US13113000020,Fayette
1136,7000000US13113000034,Fayette
1137,7000000US13113000014,Fayette
1138,7000000US13113000036,Fayette
1139,7000000US13113000021,Fayette
1140,7000000US13113000015,Fayette
1141,7000000US13113000007,Fayette
1142,7000000US13113000033,Fayette
1143,7000000US13115000001,Floyd
1144,7000000US13115000115,Floyd
1145,7000000US13115000140,Floyd
1146,7000000US13115000080,Floyd
1147,7000000US13115000035,Floyd
1148,7000000US13115000076,Floyd
1149,7000000US13115000060,Floyd
1150,7000000US13115000085,Floyd
1151,7000000US13115000040,Floyd
1152,7000000US13115000135,Floyd
1153,7000000US13115000065,Floyd
1154,7000000US13115000110,Floyd
1155,7000000US13115000075,Floyd
1156,7000000US13115000010,Floyd
1157,7000000US13115000055,Floyd
1158,7000000US13115000015,Floyd
1159,7000000US13115000130,Floyd
1160,7000000US13115000025,Floyd
1161,7000000US13115000125,Floyd
1162,7000000US13115000045,Floyd
1163,7000000US13115000090,Floyd
1164,7000000US13115000020,Floyd
1165,7000000US13115000050,Floyd
1166,7000000US13115000030,Floyd
1167,7000000US13115000105,Floyd
1168,7000000US13117000002,Forsyth
1169,7000000US13117000003,Forsyth
1170,7000000US13117000007,Forsyth
1171,7000000US13117000006,Forsyth
1172,7000000US13117000027,Forsyth
1173,7000000US13117000001,Forsyth
1174,7000000US13117000029,Forsyth
1175,7000000US13117000008,Forsyth
1176,7000000US13117000004,Forsyth
1177,7000000US13117000019,Forsyth
1178,7000000US13117000015,Forsyth
1179,7000000US13117000025,Forsyth
1180,7000000US13117000010,Forsyth
1181,7000000US13117000016,Forsyth
1182,7000000US13117000005,Forsyth
1183,7000000US13117000021,Forsyth
1184,7000000US13119000005,Franklin
1185,7000000US13119000002,Franklin
1186,7000000US13119000001,Franklin
1187,7000000US13119000003,Franklin
1188,7000000US13119000004,Franklin
1189,7000000US13119000006,Franklin
1190,7000000US13119000007,Franklin
1191,7000000US1312100004K,Fulton
1192,7000000US1312100010A,Fulton
1193,7000000US1312100010D,Fulton
1194,7000000US1312100002A,Fulton
1195,7000000US131210002L1,Fulton
1196,7000000US131210002L2,Fulton
1197,7000000US1312100009F,Fulton
1198,7000000US13121003P1A,Fulton
1199,7000000US131210003P2,Fulton
1200,7000000US1312100001F,Fulton
1201,7000000US131210JC13A,Fulton
1202,7000000US131210JC13B,Fulton
1203,7000000US131210011E1,Fulton
1204,7000000US131210011E2,Fulton
1205,7000000US131210011E3,Fulton
1206,7000000US1312100003S,Fulton
1207,7000000US1312100010F,Fulton
1208,7000000US1312100007D,Fulton
1209,7000000US131210CP051,Fulton
1210,7000000US131210CP05B,Fulton
1211,7000000US131210CP06A,Fulton
1212,7000000US131210CP06B,Fulton
1213,7000000US131210CP07A,Fulton
1214,7000000US131210CP07D,Fulton
1215,7000000US1312100011K,Fulton
1216,7000000US1312100007F,Fulton
1217,7000000US1312100008L,Fulton
1218,7000000US1312100009B,Fulton
1219,7000000US1312100008B,Fulton
1220,7000000US1312100008C,Fulton
1221,7000000US1312100JC09,Fulton
1222,7000000US1312100001T,Fulton
1223,7000000US131210AP07A,Fulton
1224,7000000US131210AP07B,Fulton
1225,7000000US131210012E1,Fulton
1226,7000000US1312100012J,Fulton
1227,7000000US1312100012H,Fulton
1228,7000000US1312100010E,Fulton
1229,7000000US1312100011J,Fulton
1230,7000000US1312100001H,Fulton
1231,7000000US1312100001I,Fulton
1232,7000000US1312100005B,Fulton
1233,7000000US1312100005C,Fulton
1234,7000000US1312100RW08,Fulton
1235,7000000US1312100SS25,Fulton
1236,7000000US1312100RW05,Fulton
1237,7000000US1312100011P,Fulton
1238,7000000US1312100011C,Fulton
1239,7000000US1312100003L,Fulton
1240,7000000US1312100SS03,Fulton
1241,7000000US1312100012D,Fulton
1242,7000000US1312100009E,Fulton
1243,7000000US1312100SC04,Fulton
1244,7000000US1312100009M,Fulton
1245,7000000US1312100006R,Fulton
1246,7000000US1312100001D,Fulton
1247,7000000US1312100001E,Fulton
1248,7000000US1312100001G,Fulton
1249,7000000US1312100008K,Fulton
1250,7000000US1312100003E,Fulton
1251,7000000US1312100012L,Fulton
1252,7000000US131210SS07A,Fulton
1253,7000000US131210SS07B,Fulton
1254,7000000US131210SS07C,Fulton
1255,7000000US131210SS08A,Fulton
1256,7000000US131210SS08B,Fulton
1257,7000000US131210SS08C,Fulton
1258,7000000US131210SS08D,Fulton
1259,7000000US1312100HP01,Fulton
1260,7000000US1312100003G,Fulton
1261,7000000US1312100SS12,Fulton
1262,7000000US1312100SS14,Fulton
1263,7000000US1312100012M,Fulton
1264,7000000US1312100RW02,Fulton
1265,7000000US1312100008A,Fulton
1266,7000000US1312100012F,Fulton
1267,7000000US1312100JC02,Fulton
1268,7000000US1312100003N,Fulton
1269,7000000US1312100EP04,Fulton
1270,7000000US1312100012G,Fulton
1271,7000000US131210SS11A,Fulton
1272,7000000US131210SS11B,Fulton
1273,7000000US131210SS11C,Fulton
1274,7000000US131210SS11D,Fulton
1275,7000000US1312100RW12,Fulton
1276,7000000US1312100RW16,Fulton
1277,7000000US1312100SS01,Fulton
1278,7000000US1312100002E,Fulton
1279,7000000US1312100010R,Fulton
1280,7000000US131210ML06A,Fulton
1281,7000000US131210ML06B,Fulton
1282,7000000US1312100006I,Fulton
1283,7000000US1312100007E,Fulton
1284,7000000US1312100007J,Fulton
1285,7000000US1312100007N,Fulton
1286,7000000US1312100004V,Fulton
1287,7000000US131210008F1,Fulton
1288,7000000US131210SC09A,Fulton
1289,7000000US131210SC09B,Fulton
1290,7000000US1312100SC27,Fulton
1291,7000000US1312100008E,Fulton
1292,7000000US131210SC05A,Fulton
1293,7000000US131210SC05B,Fulton
1294,7000000US131210SC05D,Fulton
1295,7000000US1312100SC13,Fulton
1296,7000000US131210SC13A,Fulton
1297,7000000US131210SC13B,Fulton
1298,7000000US1312100001C,Fulton
1299,7000000US1312100001S,Fulton
1300,7000000US1312100004D,Fulton
1301,7000000US131210ML071,Fulton
1302,7000000US131210ML072,Fulton
1303,7000000US131210ML07A,Fulton
1304,7000000US131210SS13A,Fulton
1305,7000000US131210SS13B,Fulton
1306,7000000US1312100AP03,Fulton
1307,7000000US131210RW07A,Fulton
1308,7000000US131210RW07B,Fulton
1309,7000000US1312100008H,Fulton
1310,7000000US1312100008J,Fulton
1311,7000000US1312100AP14,Fulton
1312,7000000US1312100JC15,Fulton
1313,7000000US1312100RW09,Fulton
1314,7000000US1312100RW15,Fulton
1315,7000000US1312100RW19,Fulton
1316,7000000US1312100RW06,Fulton
1317,7000000US1312100008D,Fulton
1318,7000000US131210SC29A,Fulton
1319,7000000US1312100JC06,Fulton
1320,7000000US1312100003M,Fulton
1321,7000000US1312100004G,Fulton
1322,7000000US1312100004M,Fulton
1323,7000000US1312100001B,Fulton
1324,7000000US131210AP12A,Fulton
1325,7000000US131210AP12B,Fulton
1326,7000000US131210AP12C,Fulton
1327,7000000US1312100010M,Fulton
1328,7000000US1312100004W,Fulton
1329,7000000US131210010H1,Fulton
1330,7000000US131210010H2,Fulton
1331,7000000US1312100007B,Fulton
1332,7000000US1312100007C,Fulton
1333,7000000US1312100006F,Fulton
1334,7000000US131210ML021,Fulton
1335,7000000US131210ML022,Fulton
1336,7000000US131210ML023,Fulton
1337,7000000US131210ML024,Fulton
1338,7000000US131210AP04A,Fulton
1339,7000000US131210AP04B,Fulton
1340,7000000US1312100AP06,Fulton
1341,7000000US1312100RW04,Fulton
1342,7000000US1312100SS16,Fulton
1343,7000000US1312100EP01,Fulton
1344,7000000US1312100002B,Fulton
1345,7000000US1312100005D,Fulton
1346,7000000US131210AP021,Fulton
1347,7000000US131210AP022,Fulton
1348,7000000US131210AP02B,Fulton
1349,7000000US1312100009D,Fulton
1350,7000000US1312100JC18,Fulton
1351,7000000US131210JC03A,Fulton
1352,7000000US131210JC03B,Fulton
1353,7000000US1312100EP02,Fulton
1354,7000000US1312100SS04,Fulton
1355,7000000US1312100010G,Fulton
1356,7000000US1312100004S,Fulton
1357,7000000US1312100JC11,Fulton
1358,7000000US131210012E2,Fulton
1359,7000000US1312100003A,Fulton
1360,7000000US1312100004C,Fulton
1361,7000000US1312100010K,Fulton
1362,7000000US1312100011H,Fulton
1363,7000000US1312100JC08,Fulton
1364,7000000US1312100002C,Fulton
1365,7000000US1312100005F,Fulton
1366,7000000US1312100RW13,Fulton
1367,7000000US1312100002W,Fulton
1368,7000000US1312100003F,Fulton
1369,7000000US131210006L1,Fulton
1370,7000000US131210006L2,Fulton
1371,7000000US1312100010P,Fulton
1372,7000000US1312100SS22,Fulton
1373,7000000US1312100003C,Fulton
1374,7000000US1312100004T,Fulton
1375,7000000US1312100003T,Fulton
1376,7000000US1312100004J,Fulton
1377,7000000US1312100003D,Fulton
1378,7000000US1312100004A,Fulton
1379,7000000US1312100004B,Fulton
1380,7000000US1312100002J,Fulton
1381,7000000US1312100002K,Fulton
1382,7000000US1312100006G,Fulton
1383,7000000US1312100012N,Fulton
1384,7000000US1312100010J,Fulton
1385,7000000US1312100004L,Fulton
1386,7000000US1312100011B,Fulton
1387,7000000US1312100AP05,Fulton
1388,7000000US131210RW11A,Fulton
1389,7000000US1312100006N,Fulton
1390,7000000US1312100006Q,Fulton
1391,7000000US1312100007H,Fulton
1392,7000000US1312100006S,Fulton
1393,7000000US1312100RW10,Fulton
1394,7000000US1312100JC05,Fulton
1395,7000000US1312100JC16,Fulton
1396,7000000US131210ML04A,Fulton
1397,7000000US131210ML04B,Fulton
1398,7000000US131210ML04C,Fulton
1399,7000000US131210ML05A,Fulton
1400,7000000US131210ML05B,Fulton
1401,7000000US131210ML05C,Fulton
1402,7000000US1312100RW21,Fulton
1403,7000000US1312100008G,Fulton
1404,7000000US1312100009C,Fulton
1405,7000000US131210RW22A,Fulton
1406,7000000US131210RW22B,Fulton
1407,7000000US1312100006B,Fulton
1408,7000000US1312100006J,Fulton
1409,7000000US1312100ML03,Fulton
1410,7000000US131210CP011,Fulton
1411,7000000US131210CP012,Fulton
1412,7000000US131210CP01B,Fulton
1413,7000000US1312100CP02,Fulton
1414,7000000US1312100CP04,Fulton
1415,7000000US1312100009A,Fulton
1416,7000000US1312100001P,Fulton
1417,7000000US1312100007M,Fulton
1418,7000000US131210UC02A,Fulton
1419,7000000US131210UC02B,Fulton
1420,7000000US131210005A1,Fulton
1421,7000000US131210005A2,Fulton
1422,7000000US131210SC23A,Fulton
1423,7000000US131210SC23B,Fulton
1424,7000000US1312100JC12,Fulton
1425,7000000US1312100JC14,Fulton
1426,7000000US1312100SS05,Fulton
1427,7000000US131210SC19A,Fulton
1428,7000000US131210SC19B,Fulton
1429,7000000US131210SC17A,Fulton
1430,7000000US131210SC17B,Fulton
1431,7000000US131210SC17C,Fulton
1432,7000000US131210SC18A,Fulton
1433,7000000US131210SC18B,Fulton
1434,7000000US1312100RW03,Fulton
1435,7000000US131210UC01A,Fulton
1436,7000000US131210UC01B,Fulton
1437,7000000US131210UC01C,Fulton
1438,7000000US131210UC01D,Fulton
1439,7000000US131210UC01E,Fulton
1440,7000000US131210JC04A,Fulton
1441,7000000US131210JC04B,Fulton
1442,7000000US1312100JC10,Fulton
1443,7000000US1312100006D,Fulton
1444,7000000US1312100006E,Fulton
1445,7000000US1312100MP01,Fulton
1446,7000000US131210SC11A,Fulton
1447,7000000US131210SC11B,Fulton
1448,7000000US1312100SC16,Fulton
1449,7000000US131210008N1,Fulton
1450,7000000US131210008N2,Fulton
1451,7000000US1312100008M,Fulton
1452,7000000US1312100001J,Fulton
1453,7000000US131210SS29A,Fulton
1454,7000000US131210SS29B,Fulton
1455,7000000US131210SC30A,Fulton
1456,7000000US131210SC30B,Fulton
1457,7000000US1312100RW01,Fulton
1458,7000000US1312100001A,Fulton
1459,7000000US1312100SS06,Fulton
1460,7000000US131210SS15A,Fulton
1461,7000000US131210SS15B,Fulton
1462,7000000US1312100007A,Fulton
1463,7000000US1312100JC01,Fulton
1464,7000000US1312100SC02,Fulton
1465,7000000US131210SS09A,Fulton
1466,7000000US131210SS09B,Fulton
1467,7000000US1312100EP03,Fulton
1468,7000000US1312100002D,Fulton
1469,7000000US1312100005J,Fulton
1470,7000000US1312100002S,Fulton
1471,7000000US1312100005K,Fulton
1472,7000000US1312100001R,Fulton
1473,7000000US1312100012K,Fulton
1474,7000000US1312100004I,Fulton
1475,7000000US1312100011M,Fulton
1476,7000000US1312100011N,Fulton
1477,7000000US1312100011R,Fulton
1478,7000000US131210CP081,Fulton
1479,7000000US131210CP083,Fulton
1480,7000000US131210CP08A,Fulton
1481,7000000US1312100SC10,Fulton
1482,7000000US131210FA01A,Fulton
1483,7000000US131210FA01B,Fulton
1484,7000000US1312100CH01,Fulton
1485,7000000US1312100CH02,Fulton
1486,7000000US1312100CH03,Fulton
1487,7000000US131210CH04A,Fulton
1488,7000000US131210CH04B,Fulton
1489,7000000US1312100CH05,Fulton
1490,7000000US1312100JC07,Fulton
1491,7000000US1312100JC19,Fulton
1492,7000000US131210SC08B,Fulton
1493,7000000US131210SC08C,Fulton
1494,7000000US131210SC08D,Fulton
1495,7000000US131210SC08E,Fulton
1496,7000000US131210SC08F,Fulton
1497,7000000US131210SC08G,Fulton
1498,7000000US131210SC07A,Fulton
1499,7000000US131210SS02A,Fulton
1500,7000000US131210SS02B,Fulton
1501,7000000US131210SS19A,Fulton
1502,7000000US131210SS19B,Fulton
1503,7000000US1312100SS20,Fulton
1504,7000000US1312100SS26,Fulton
1505,7000000US1312100RW17,Fulton
1506,7000000US131210AP01A,Fulton
1507,7000000US131210AP01B,Fulton
1508,7000000US131210AP01C,Fulton
1509,7000000US131210AP01D,Fulton
1510,7000000US131210AP09A,Fulton
1511,7000000US131210AP09B,Fulton
1512,7000000US1312100AP13,Fulton
1513,7000000US131210ML011,Fulton
1514,7000000US131210ML012,Fulton
1515,7000000US131210ML01B,Fulton
1516,7000000US1312100RW20,Fulton
1517,7000000US1312100008P,Fulton
1518,7000000US1312100009G,Fulton
1519,7000000US1312100009H,Fulton
1520,7000000US1312100003B,Fulton
1521,7000000US1312100003H,Fulton
1522,7000000US1312100009I,Fulton
1523,7000000US1312100009K,Fulton
1524,7000000US1312100012A,Fulton
1525,7000000US1312100PA01,Fulton
1526,7000000US131210SC01B,Fulton
1527,7000000US1312100SC20,Fulton
1528,7000000US1312100010C,Fulton
1529,7000000US1312100SC14,Fulton
1530,7000000US1312100010B,Fulton
1531,7000000US1312100010I,Fulton
1532,7000000US131210SS18A,Fulton
1533,7000000US131210SS18B,Fulton
1534,7000000US1312100SS31,Fulton
1535,7000000US1312100003I,Fulton
1536,7000000US1312100004F,Fulton
1537,7000000US131210SC211,Fulton
1538,7000000US131210SC212,Fulton
1539,7000000US131210SC21A,Fulton
1540,7000000US131210UC031,Fulton
1541,7000000US131210UC032,Fulton
1542,7000000US131210UC033,Fulton
1543,7000000US131210UC035,Fulton
1544,7000000US1312100011G,Fulton
1545,7000000US1312100012I,Fulton
1546,7000000US1312100AP10,Fulton
1547,7000000US131210004X1,Fulton
1548,7000000US131210004X2,Fulton
1549,7000000US1312100012S,Fulton
1550,7000000US1312100SC15,Fulton
1551,7000000US131210002F1,Fulton
1552,7000000US131210002F2,Fulton
1553,7000000US1312100002G,Fulton
1554,7000000US1312100SS17,Fulton
1555,7000000US13123000012,Gilmer
1556,7000000US13123000007,Gilmer
1557,7000000US13123000006,Gilmer
1558,7000000US13123000001,Gilmer
1559,7000000US13123000010,Gilmer
1560,7000000US13123000009,Gilmer
1561,7000000US13123000005,Gilmer
1562,7000000US13123000013,Gilmer
1563,7000000US13123000008,Gilmer
1564,7000000US13123000002,Gilmer
1565,7000000US13123000004,Gilmer
1566,7000000US13123000003,Gilmer
1567,7000000US13123000011,Gilmer
1568,7000000US1312500EDGH,Glascock
1569,7000000US1312500MITC,Glascock
1570,7000000US1312500GIBS,Glascock
1571,7000000US1312500MILL,Glascock
1572,7000000US13127005933,Glynn
1573,7000000US13127005913,Glynn
1574,7000000US13127001933,Glynn
1575,7000000US13127003713,Glynn
1576,7000000US13127004933,Glynn
1577,7000000US13127003743,Glynn
1578,7000000US13127001943,Glynn
1579,7000000US13127005923,Glynn
1580,7000000US13127002923,Glynn
1581,7000000US13127002953,Glynn
1582,7000000US13127005943,Glynn
1583,7000000US13127004923,Glynn
1584,7000000US13127001923,Glynn
1585,7000000US13127002933,Glynn
1586,7000000US13127001713,Glynn
1587,7000000US13127002713,Glynn
1588,7000000US13127003733,Glynn
1589,7000000US13127003723,Glynn
1590,7000000US13127002943,Glynn
1591,7000000US13127004913,Glynn
1592,7000000US131290849-A,Gordon
1593,7000000US131290849-B,Gordon
1594,7000000US13129001057,Gordon
1595,7000000US13129000874,Gordon
1596,7000000US13129001063,Gordon
1597,7000000US13129001235,Gordon
1598,7000000US13129001064,Gordon
1599,7000000US13129001055,Gordon
1600,7000000US13129000973,Gordon
1601,7000000US13129001056,Gordon
1602,7000000US13129001054,Gordon
1603,7000000US13129000856,Gordon
1604,7000000US13129000980,Gordon
1605,7000000US13131000C05,Grady
1606,7000000US1313100000D,Grady
1607,7000000US131310000WL,Grady
1608,7000000US1313100000H,Grady
1609,7000000US1313100000L,Grady
1610,7000000US13131000C04,Grady
1611,7000000US1313100000M,Grady
1612,7000000US1313100000B,Grady
1613,7000000US1313100000P,Grady
1614,7000000US1313100000R,Grady
1615,7000000US1313100000S,Grady
1616,7000000US131310000SH,Grady
1617,7000000US1313100000W,Grady
1618,7000000US13133000001,Greene
1619,7000000US13133000002,Greene
1620,7000000US13133000008,Greene
1621,7000000US13133000007,Greene
1622,7000000US13133000005,Greene
1623,7000000US13133000006,Greene
1624,7000000US13133000003,Greene
1625,7000000US13133000004,Greene
1626,7000000US13135000116,Gwinnett
1627,7000000US13135000146,Gwinnett
1628,7000000US13135000002,Gwinnett
1629,7000000US13135000033,Gwinnett
1630,7000000US13135000066,Gwinnett
1631,7000000US13135000057,Gwinnett
1632,7000000US13135000050,Gwinnett
1633,7000000US13135000074,Gwinnett
1634,7000000US13135000017,Gwinnett
1635,7000000US13135000035,Gwinnett
1636,7000000US13135000038,Gwinnett
1637,7000000US13135000088,Gwinnett
1638,7000000US13135000115,Gwinnett
1639,7000000US13135000019,Gwinnett
1640,7000000US13135000009,Gwinnett
1641,7000000US13135000053,Gwinnett
1642,7000000US13135000030,Gwinnett
1643,7000000US13135000096,Gwinnett
1644,7000000US13135000065,Gwinnett
1645,7000000US13135000007,Gwinnett
1646,7000000US13135000031,Gwinnett
1647,7000000US13135000047,Gwinnett
1648,7000000US13135000044,Gwinnett
1649,7000000US13135000111,Gwinnett
1650,7000000US13135000134,Gwinnett
1651,7000000US13135000070,Gwinnett
1652,7000000US13135000072,Gwinnett
1653,7000000US13135000086,Gwinnett
1654,7000000US13135000147,Gwinnett
1655,7000000US13135000093,Gwinnett
1656,7000000US13135000085,Gwinnett
1657,7000000US13135000083,Gwinnett
1658,7000000US13135000076,Gwinnett
1659,7000000US13135000113,Gwinnett
1660,7000000US13135000005,Gwinnett
1661,7000000US13135000091,Gwinnett
1662,7000000US13135000084,Gwinnett
1663,7000000US13135000107,Gwinnett
1664,7000000US13135000137,Gwinnett
1665,7000000US13135000110,Gwinnett
1666,7000000US13135000051,Gwinnett
1667,7000000US13135000069,Gwinnett
1668,7000000US13135000127,Gwinnett
1669,7000000US13135000029,Gwinnett
1670,7000000US13135000144,Gwinnett
1671,7000000US13135000095,Gwinnett
1672,7000000US13135000008,Gwinnett
1673,7000000US13135000079,Gwinnett
1674,7000000US13135000142,Gwinnett
1675,7000000US13135000016,Gwinnett
1676,7000000US13135000077,Gwinnett
1677,7000000US13135000001,Gwinnett
1678,7000000US13135000102,Gwinnett
1679,7000000US13135000012,Gwinnett
1680,7000000US13135000092,Gwinnett
1681,7000000US13135000036,Gwinnett
1682,7000000US13135000003,Gwinnett
1683,7000000US13135000138,Gwinnett
1684,7000000US13135000123,Gwinnett
1685,7000000US13135000042,Gwinnett
1686,7000000US13135000117,Gwinnett
1687,7000000US13135000032,Gwinnett
1688,7000000US13135000109,Gwinnett
1689,7000000US13135000097,Gwinnett
1690,7000000US13135000104,Gwinnett
1691,7000000US13135000131,Gwinnett
1692,7000000US13135000034,Gwinnett
1693,7000000US13135000049,Gwinnett
1694,7000000US13135000124,Gwinnett
1695,7000000US13135000061,Gwinnett
1696,7000000US13135000048,Gwinnett
1697,7000000US13135000006,Gwinnett
1698,7000000US13135000023,Gwinnett
1699,7000000US13135000103,Gwinnett
1700,7000000US13135000071,Gwinnett
1701,7000000US13135000112,Gwinnett
1702,7000000US13135000014,Gwinnett
1703,7000000US13135000118,Gwinnett
1704,7000000US13135000052,Gwinnett
1705,7000000US13135000046,Gwinnett
1706,7000000US13135000136,Gwinnett
1707,7000000US13135000018,Gwinnett
1708,7000000US13135000054,Gwinnett
1709,7000000US13135000068,Gwinnett
1710,7000000US13135000041,Gwinnett
1711,7000000US13135000128,Gwinnett
1712,7000000US13135000094,Gwinnett
1713,7000000US13135000120,Gwinnett
1714,7000000US13135000082,Gwinnett
1715,7000000US13135000055,Gwinnett
1716,7000000US13135000027,Gwinnett
1717,7000000US13135000060,Gwinnett
1718,7000000US13135000130,Gwinnett
1719,7000000US13135000026,Gwinnett
1720,7000000US13135000021,Gwinnett
1721,7000000US13135000004,Gwinnett
1722,7000000US13135000045,Gwinnett
1723,7000000US13135000010,Gwinnett
1724,7000000US13135000108,Gwinnett
1725,7000000US13135000139,Gwinnett
1726,7000000US13135000058,Gwinnett
1727,7000000US13135000148,Gwinnett
1728,7000000US13135000087,Gwinnett
1729,7000000US13135000141,Gwinnett
1730,7000000US13135000105,Gwinnett
1731,7000000US13135000089,Gwinnett
1732,7000000US13135000020,Gwinnett
1733,7000000US13135000143,Gwinnett
1734,7000000US13135000106,Gwinnett
1735,7000000US13135000043,Gwinnett
1736,7000000US13135000132,Gwinnett
1737,7000000US13135000028,Gwinnett
1738,7000000US13135000064,Gwinnett
1739,7000000US13135000098,Gwinnett
1740,7000000US13135000081,Gwinnett
1741,7000000US13135000119,Gwinnett
1742,7000000US13135000135,Gwinnett
1743,7000000US13135000075,Gwinnett
1744,7000000US13135000011,Gwinnett
1745,7000000US13135000015,Gwinnett
1746,7000000US13135000025,Gwinnett
1747,7000000US13135000090,Gwinnett
1748,7000000US13135000133,Gwinnett
1749,7000000US13135000056,Gwinnett
1750,7000000US13135000122,Gwinnett
1751,7000000US13135000100,Gwinnett
1752,7000000US13135000153,Gwinnett
1753,7000000US13135000152,Gwinnett
1754,7000000US13135000154,Gwinnett
1755,7000000US13135000151,Gwinnett
1756,7000000US13135000155,Gwinnett
1757,7000000US13135000013,Gwinnett
1758,7000000US13135000156,Gwinnett
1759,7000000US13135000150,Gwinnett
1760,7000000US13135000149,Gwinnett
1761,7000000US13135000039,Gwinnett
1762,7000000US13135000067,Gwinnett
1763,7000000US13135000078,Gwinnett
1764,7000000US13135000140,Gwinnett
1765,7000000US13135000024,Gwinnett
1766,7000000US13135000121,Gwinnett
1767,7000000US13135000114,Gwinnett
1768,7000000US13135000073,Gwinnett
1769,7000000US13135000059,Gwinnett
1770,7000000US13135000062,Gwinnett
1771,7000000US13135000022,Gwinnett
1772,7000000US13135000040,Gwinnett
1773,7000000US13135000126,Gwinnett
1774,7000000US13135000101,Gwinnett
1775,7000000US13135000063,Gwinnett
1776,7000000US13135000099,Gwinnett
1777,7000000US13135000037,Gwinnett
1778,7000000US13135000125,Gwinnett
1779,7000000US13135000129,Gwinnett
1780,7000000US13135000080,Gwinnett
1781,7000000US13135000145,Gwinnett
1782,7000000US13137000005,Habersham
1783,7000000US13137000002,Habersham
1784,7000000US13137000003,Habersham
1785,7000000US13137000004,Habersham
1786,7000000US13137000001,Habersham
1787,7000000US13137000006,Habersham
1788,7000000US13137000007,Habersham
1789,7000000US13139000019,Hall
1790,7000000US13139000009,Hall
1791,7000000US13139000012,Hall
1792,7000000US13139000007,Hall
1793,7000000US13139000022,Hall
1794,7000000US13139000014,Hall
1795,7000000US13139000028,Hall
1796,7000000US13139000006,Hall
1797,7000000US13139000025,Hall
1798,7000000US13139000013,Hall
1799,7000000US13139000011,Hall
1800,7000000US13139000003,Hall
1801,7000000US13139000020,Hall
1802,7000000US13139000015,Hall
1803,7000000US13139000018,Hall
1804,7000000US13139000008,Hall
1805,7000000US13139000017,Hall
1806,7000000US13139000005,Hall
1807,7000000US13139000002,Hall
1808,7000000US13139000010,Hall
1809,7000000US13139000026,Hall
1810,7000000US13139000004,Hall
1811,7000000US13139000023,Hall
1812,7000000US13139000024,Hall
1813,7000000US13139000031,Hall
1814,7000000US13139000030,Hall
1815,7000000US13139000001,Hall
1816,7000000US13139000016,Hall
1817,7000000US13139000027,Hall
1818,7000000US13139000029,Hall
1819,7000000US13139000021,Hall
1820,7000000US1314100002A,Hancock
1821,7000000US1314100003A,Hancock
1822,7000000US1314100003B,Hancock
1823,7000000US1314100001B,Hancock
1824,7000000US1314100004B,Hancock
1825,7000000US1314100001A,Hancock
1826,7000000US1314100004A,Hancock
1827,7000000US1314100004C,Hancock
1828,7000000US1314100003C,Hancock
1829,7000000US1314100002B,Hancock
1830,7000000US13143000004,Haralson
1831,7000000US13143000002,Haralson
1832,7000000US13143000010,Haralson
1833,7000000US13143000005,Haralson
1834,7000000US13143000007,Haralson
1835,7000000US13143000006,Haralson
1836,7000000US13143000003,Haralson
1837,7000000US13143000009,Haralson
1838,7000000US13143000008,Haralson
1839,7000000US13143000012,Haralson
1840,7000000US13143000013,Haralson
1841,7000000US13143000011,Haralson
1842,7000000US131450000SK,Harris
1843,7000000US131450000EL,Harris
1844,7000000US131450000CA,Harris
1845,7000000US131450000HA,Harris
1846,7000000US131450000MG,Harris
1847,7000000US131450000U9,Harris
1848,7000000US131450000GM,Harris
1849,7000000US131450000PV,Harris
1850,7000000US131450000L9,Harris
1851,7000000US131450000VP,Harris
1852,7000000US131450000WA,Harris
1853,7000000US131450000WH,Harris
1854,7000000US13147000008,Hart
1855,7000000US13147000006,Hart
1856,7000000US13147000004,Hart
1857,7000000US13147000003,Hart
1858,7000000US13147000002,Hart
1859,7000000US13147000005,Hart
1860,7000000US13147000007,Hart
1861,7000000US13149000CEN,Heard
1862,7000000US13149000ENO,Heard
1863,7000000US13149000SOU,Heard
1864,7000000US13149000COO,Heard
1865,7000000US13149000FRA,Heard
1866,7000000US13149000EPH,Heard
1867,7000000US13151000044,Henry
1868,7000000US13151000047,Henry
1869,7000000US13151000029,Henry
1870,7000000US13151000042,Henry
1871,7000000US13151000037,Henry
1872,7000000US13151000046,Henry
1873,7000000US13151000053,Henry
1874,7000000US13151000028,Henry
1875,7000000US13151000035,Henry
1876,7000000US13151000038,Henry
1877,7000000US13151000056,Henry
1878,7000000US13151000032,Henry
1879,7000000US13151000051,Henry
1880,7000000US13151000036,Henry
1881,7000000US13151000050,Henry
1882,7000000US13151000040,Henry
1883,7000000US13151000026,Henry
1884,7000000US13151000043,Henry
1885,7000000US13151000027,Henry
1886,7000000US13151000039,Henry
1887,7000000US13151000033,Henry
1888,7000000US13151000041,Henry
1889,7000000US13151000054,Henry
1890,7000000US13151000045,Henry
1891,7000000US13151000048,Henry
1892,7000000US13151000034,Henry
1893,7000000US13151000057,Henry
1894,7000000US13151000059,Henry
1895,7000000US13151000061,Henry
1896,7000000US13151000058,Henry
1897,7000000US13151000062,Henry
1898,7000000US13151000055,Henry
1899,7000000US13151000052,Henry
1900,7000000US13151000025,Henry
1901,7000000US13151000049,Henry
1902,7000000US13151000060,Henry
1903,7000000US13151000031,Henry
1904,7000000US13151000030,Henry
1905,7000000US13153000BMS,Houston
1906,7000000US1315300CENT,Houston
1907,7000000US1315300ANNX,Houston
1908,7000000US1315300FMMS,Houston
1909,7000000US1315300HAFS,Houston
1910,7000000US1315300HEFS,Houston
1911,7000000US1315300HCTC,Houston
1912,7000000US1315300HHPC,Houston
1913,7000000US1315300MILL,Houston
1914,7000000US1315300NSES,Houston
1915,7000000US1315300TWPK,Houston
1916,7000000US1315300RECR,Houston
1917,7000000US13153000TMS,Houston
1918,7000000US1315300MCMS,Houston
1919,7000000US13153000VHS,Houston
1920,7000000US1315300ROZR,Houston
1921,7000000US1315300CGTC,Houston
1922,7000000US13155001753,Irwin
1923,7000000US13155001661,Irwin
1924,7000000US13155001643,Irwin
1925,7000000US13155001529,Irwin
1926,7000000US13155000901,Irwin
1927,7000000US13155001421,Irwin
1928,7000000US13155001670,Irwin
1929,7000000US13155001388,Irwin
1930,7000000US131570S0245,Jackson
1931,7000000US13157001765,Jackson
1932,7000000US13157001704,Jackson
1933,7000000US13157000253,Jackson
1934,7000000US13157000257,Jackson
1935,7000000US13157001407,Jackson
1936,7000000US131570N0245,Jackson
1937,7000000US13157000428,Jackson
1938,7000000US13157000455,Jackson
1939,7000000US131570S0255,Jackson
1940,7000000US131570N0255,Jackson
1941,7000000US13157000242,Jackson
1942,7000000US13157001747,Jackson
1943,7000000US13157001691,Jackson
1944,7000000US13157000248,Jackson
1945,7000000US13157000465,Jackson
1946,7000000US13159000296,Jasper
1947,7000000US13159000295,Jasper
1948,7000000US13159000290,Jasper
1949,7000000US13161000202,Jeff Davis
1950,7000000US13161000301,Jeff Davis
1951,7000000US13161000402,Jeff Davis
1952,7000000US13161000401,Jeff Davis
1953,7000000US13161000100,Jeff Davis
1954,7000000US13161000501,Jeff Davis
1955,7000000US13161000502,Jeff Davis
1956,7000000US13161000201,Jeff Davis
1957,7000000US13161000302,Jeff Davis
1958,7000000US13163000085,Jefferson
1959,7000000US13163001593,Jefferson
1960,7000000US13163000081,Jefferson
1961,7000000US13163000077,Jefferson
1962,7000000US13163000083,Jefferson
1963,7000000US13163000076,Jefferson
1964,7000000US13163000082,Jefferson
1965,7000000US13163001460,Jefferson
1966,7000000US13165000002,Jenkins
1967,7000000US13165000005,Jenkins
1968,7000000US13165000001,Jenkins
1969,7000000US13165000003,Jenkins
1970,7000000US13165000004,Jenkins
1971,7000000US13167000055,Johnson
1972,7000000US13167001301,Johnson
1973,7000000US13167001266,Johnson
1974,7000000US13167001201,Johnson
1975,7000000US13169000001,Jones
1976,7000000US13169000002,Jones
1977,7000000US13169000003,Jones
1978,7000000US13169000004,Jones
1979,7000000US13169000005,Jones
1980,7000000US13169000006,Jones
1981,7000000US13169000008,Jones
1982,7000000US13169000009,Jones
1983,7000000US13169000010,Jones
1984,7000000US13169000011,Jones
1985,7000000US1317101712B,Lamar
1986,7000000US13171001711,Lamar
1987,7000000US1317101712A,Lamar
1988,7000000US13171001714,Lamar
1989,7000000US13171001713,Lamar
1990,7000000US1317101712C,Lamar
1991,7000000US13173000001,Lanier
1992,7000000US13173000002,Lanier
1993,7000000US13173000003,Lanier
1994,7000000US13173000004,Lanier
1995,7000000US13175000006,Laurens
1996,7000000US13175000005,Laurens
1997,7000000US13175000007,Laurens
1998,7000000US13175000009,Laurens
1999,7000000US13175000010,Laurens
2000,7000000US13175000011,Laurens
2001,7000000US13175000008,Laurens
2002,7000000US13175000013,Laurens
2003,7000000US13175000012,Laurens
2004,7000000US13175000016,Laurens
2005,7000000US13175000019,Laurens
2006,7000000US13175000003,Laurens
2007,7000000US13175000021,Laurens
2008,7000000US13175000004,Laurens
2009,7000000US13175000022,Laurens
2010,7000000US13175000015,Laurens
2011,7000000US13175000014,Laurens
2012,7000000US13177000005,Lee
2013,7000000US13177000009,Lee
2014,7000000US13177000001,Lee
2015,7000000US13177000003,Lee
2016,7000000US13177000004,Lee
2017,7000000US13177000007,Lee
2018,7000000US13177000006,Lee
2019,7000000US13177000010,Lee
2020,7000000US13177000002,Lee
2021,7000000US13177000008,Lee
2022,7000000US13179000014,Liberty
2023,7000000US13179000013,Liberty
2024,7000000US13179000001,Liberty
2025,7000000US13179000003,Liberty
2026,7000000US13179000006,Liberty
2027,7000000US13179000005,Liberty
2028,7000000US13179000012,Liberty
2029,7000000US13179000011,Liberty
2030,7000000US13179000010,Liberty
2031,7000000US13179000002,Liberty
2032,7000000US13179000009,Liberty
2033,7000000US13179000004,Liberty
2034,7000000US13179000007,Liberty
2035,7000000US131810004-A,Lincoln
2036,7000000US131810003-A,Lincoln
2037,7000000US13181000002,Lincoln
2038,7000000US131810001-B,Lincoln
2039,7000000US131810004-B,Lincoln
2040,7000000US131810001-A,Lincoln
2041,7000000US131810003-B,Lincoln
2042,7000000US13183000003,Long
2043,7000000US13183000001,Long
2044,7000000US13183000002,Long
2045,7000000US13183000005,Long
2046,7000000US13183000004,Long
2047,7000000US13183000007,Long
2048,7000000US13183000006,Long
2049,7000000US13185000001,Lowndes
2050,7000000US13185000008,Lowndes
2051,7000000US13185000009,Lowndes
2052,7000000US13185000004,Lowndes
2053,7000000US13185000003,Lowndes
2054,7000000US13185000002,Lowndes
2055,7000000US13185000005,Lowndes
2056,7000000US13185000006,Lowndes
2057,7000000US13185000007,Lowndes
2058,7000000US131870000DA,Lumpkin
2059,7000000US13193000004,Macon
2060,7000000US13193000001,Macon
2061,7000000US13193000005,Macon
2062,7000000US13193000003,Macon
2063,7000000US13193000002,Macon
2064,7000000US13195000FOR,Madison
2065,7000000US13195000COB,Madison
2066,7000000US13195000COL,Madison
2067,7000000US13195000COM,Madison
2068,7000000US13195000HAR,Madison
2069,7000000US13195000HUL,Madison
2070,7000000US13195000ILA,Madison
2071,7000000US13195000MIL,Madison
2072,7000000US13195000DAN,Madison
2073,7000000US13195000PAO,Madison
2074,7000000US13195000POC,Madison
2075,7000000US13195000PIT,Madison
2076,7000000US13197000948,Marion
2077,7000000US13197000955,Marion
2078,7000000US13197000807,Marion
2079,7000000US13197000339,Marion
2080,7000000US13197000808,Marion
2081,7000000US1318900133A,Mcduffie
2082,7000000US13189000131,Mcduffie
2083,7000000US13189000132,Mcduffie
2084,7000000US13189000134,Mcduffie
2085,7000000US13189000136,Mcduffie
2086,7000000US13189000135,Mcduffie
2087,7000000US13189000137,Mcduffie
2088,7000000US13189000139,Mcduffie
2089,7000000US1318900133B,Mcduffie
2090,7000000US13191001515,Mcintosh
2091,7000000US13191000271,Mcintosh
2092,7000000US13191001771,Mcintosh
2093,7000000US13191000022,Mcintosh
2094,7000000US13191001312,Mcintosh
2095,7000000US13191001480,Mcintosh
2096,7000000US13199000008,Meriwether
2097,7000000US13199000004,Meriwether
2098,7000000US13199000011,Meriwether
2099,7000000US13199000013,Meriwether
2100,7000000US13199000002,Meriwether
2101,7000000US13199000014,Meriwether
2102,7000000US13199000012,Meriwether
2103,7000000US13199000001,Meriwether
2104,7000000US13199000009,Meriwether
2105,7000000US13199000006,Meriwether
2106,7000000US13199000007,Meriwether
2107,7000000US13199000003,Meriwether
2108,7000000US13199000005,Meriwether
2109,7000000US13199000010,Meriwether
2110,7000000US13201000001,Miller
2111,7000000US132050000BV,Mitchell
2112,7000000US132050000PE,Mitchell
2113,7000000US132050000CT,Mitchell
2114,7000000US132050000HI,Mitchell
2115,7000000US132050000HF,Mitchell
2116,7000000US132050000BA,Mitchell
2117,7000000US132050000CN,Mitchell
2118,7000000US132050000LS,Mitchell
2119,7000000US132050000PC,Mitchell
2120,7000000US132050000SC,Mitchell
2121,7000000US132050000CS,Mitchell
2122,7000000US13207000013,Monroe
2123,7000000US13207000005,Monroe
2124,7000000US13207000004,Monroe
2125,7000000US13207000006,Monroe
2126,7000000US13207000008,Monroe
2127,7000000US13207000010,Monroe
2128,7000000US13207000012,Monroe
2129,7000000US13207000007,Monroe
2130,7000000US13207000003,Monroe
2131,7000000US13207000001,Monroe
2132,7000000US13207000014,Monroe
2133,7000000US13207000011,Monroe
2134,7000000US13207000002,Monroe
2135,7000000US13207000009,Monroe
2136,7000000US13209000005,Montgomery
2137,7000000US13209000001,Montgomery
2138,7000000US13209000007,Montgomery
2139,7000000US13209000003,Montgomery
2140,7000000US13209000002,Montgomery
2141,7000000US13209000004,Montgomery
2142,7000000US13209000006,Montgomery
2143,7000000US13211000003,Morgan
2144,7000000US13211000005,Morgan
2145,7000000US13211000001,Morgan
2146,7000000US13211000002,Morgan
2147,7000000US13211000006,Morgan
2148,7000000US13211000007,Morgan
2149,7000000US13211000004,Morgan
2150,7000000US13213001013,Murray
2151,7000000US13213000872,Murray
2152,7000000US13213000874,Murray
2153,7000000US13213001291,Murray
2154,7000000US13213000824,Murray
2155,7000000US13213001895,Murray
2156,7000000US13213001039,Murray
2157,7000000US13215000101,Muscogee
2158,7000000US13215000102,Muscogee
2159,7000000US13215000103,Muscogee
2160,7000000US13215000104,Muscogee
2161,7000000US13215000105,Muscogee
2162,7000000US13215000106,Muscogee
2163,7000000US13215000107,Muscogee
2164,7000000US13215000123,Muscogee
2165,7000000US13215000108,Muscogee
2166,7000000US13215000109,Muscogee
2167,7000000US13215000110,Muscogee
2168,7000000US13215000111,Muscogee
2169,7000000US13215000112,Muscogee
2170,7000000US13215000113,Muscogee
2171,7000000US13215000114,Muscogee
2172,7000000US13215000115,Muscogee
2173,7000000US13215000116,Muscogee
2174,7000000US13215000117,Muscogee
2175,7000000US13215000119,Muscogee
2176,7000000US13215000120,Muscogee
2177,7000000US13215000121,Muscogee
2178,7000000US13215000122,Muscogee
2179,7000000US13215000124,Muscogee
2180,7000000US13215000125,Muscogee
2181,7000000US13215000126,Muscogee
2182,7000000US13215000127,Muscogee
2183,7000000US13215000118,Muscogee
2184,7000000US13217000003,Newton
2185,7000000US13217000023,Newton
2186,7000000US13217000019,Newton
2187,7000000US13217000009,Newton
2188,7000000US13217000001,Newton
2189,7000000US13217000013,Newton
2190,7000000US13217000012,Newton
2191,7000000US13217000014,Newton
2192,7000000US13217000015,Newton
2193,7000000US13217000004,Newton
2194,7000000US13217000017,Newton
2195,7000000US13217000010,Newton
2196,7000000US13217000006,Newton
2197,7000000US13217000020,Newton
2198,7000000US13217000007,Newton
2199,7000000US13217000002,Newton
2200,7000000US13217000024,Newton
2201,7000000US13217000025,Newton
2202,7000000US13217000008,Newton
2203,7000000US13217000016,Newton
2204,7000000US13217000005,Newton
2205,7000000US13217000018,Newton
2206,7000000US13219000003,Oconee
2207,7000000US13219000008,Oconee
2208,7000000US13219000005,Oconee
2209,7000000US13219000009,Oconee
2210,7000000US13219000011,Oconee
2211,7000000US13219000004,Oconee
2212,7000000US13219000012,Oconee
2213,7000000US13219000007,Oconee
2214,7000000US13219000006,Oconee
2215,7000000US13219000002,Oconee
2216,7000000US13219000010,Oconee
2217,7000000US13219000013,Oconee
2218,7000000US13219000001,Oconee
2219,7000000US132210000CR,Oglethorpe
2220,7000000US132210000LX,Oglethorpe
2221,7000000US132210000BV,Oglethorpe
2222,7000000US1322300001C,Paulding
2223,7000000US1322300002B,Paulding
2224,7000000US1322300003C,Paulding
2225,7000000US1322300004C,Paulding
2226,7000000US1322300005B,Paulding
2227,7000000US1322300006B,Paulding
2228,7000000US1322300007B,Paulding
2229,7000000US1322300008B,Paulding
2230,7000000US1322300009B,Paulding
2231,7000000US1322300010B,Paulding
2232,7000000US1322300011C,Paulding
2233,7000000US1322300012B,Paulding
2234,7000000US1322300013B,Paulding
2235,7000000US1322300014C,Paulding
2236,7000000US132250000B2,Peach
2237,7000000US132250000B1,Peach
2238,7000000US132250000F1,Peach
2239,7000000US132250000P1,Peach
2240,7000000US132250000F2,Peach
2241,7000000US132250000F3,Peach
2242,7000000US132250000C1,Peach
2243,7000000US13227000002,Pickens
2244,7000000US13227000003,Pickens
2245,7000000US13227000008,Pickens
2246,7000000US13227000011,Pickens
2247,7000000US13227000004,Pickens
2248,7000000US13227000005,Pickens
2249,7000000US13227000006,Pickens
2250,7000000US13227000010,Pickens
2251,7000000US13227000012,Pickens
2252,7000000US13227000007,Pickens
2253,7000000US13227000009,Pickens
2254,7000000US13227000001,Pickens
2255,7000000US13229000001,Pierce
2256,7000000US13229000002,Pierce
2257,7000000US1322900003A,Pierce
2258,7000000US1322900004B,Pierce
2259,7000000US1322900004C,Pierce
2260,7000000US1322900004D,Pierce
2261,7000000US1322900003B,Pierce
2262,7000000US1322900004A,Pierce
2263,7000000US13231000001,Pike
2264,7000000US13231000008,Pike
2265,7000000US13231000005,Pike
2266,7000000US13231000002,Pike
2267,7000000US13231000003,Pike
2268,7000000US13231000004,Pike
2269,7000000US13231000007,Pike
2270,7000000US13231000006,Pike
2271,7000000US13233000001,Polk
2272,7000000US13233000002,Polk
2273,7000000US13233000006,Polk
2274,7000000US13233000007,Polk
2275,7000000US13233000005,Polk
2276,7000000US13233000003,Polk
2277,7000000US13233000004,Polk
2278,7000000US13235088888,Pulaski
2279,7000000US13235099999,Pulaski
2280,7000000US132350ANNEX,Pulaski
2281,7000000US13237000106,Putnam
2282,7000000US13237000105,Putnam
2283,7000000US13237000104,Putnam
2284,7000000US13237000101,Putnam
2285,7000000US13237000107,Putnam
2286,7000000US1323900000G,Quitman
2287,7000000US1323900000M,Quitman
2288,7000000US132410RABUN,Rabun
2289,7000000US13243000934,Randolph
2290,7000000US13243000954,Randolph
2291,7000000US13243000566,Randolph
2292,7000000US13243000947,Randolph
2293,7000000US1324300718B,Randolph
2294,7000000US13243000998,Randolph
2295,7000000US1324300718A,Randolph
2296,7000000US13243000334,Randolph
2297,7000000US13243000131,Randolph
2298,7000000US13245000701,Richmond
2299,7000000US13245000101,Richmond
2300,7000000US13245000204,Richmond
2301,7000000US13245000304,Richmond
2302,7000000US13245000201,Richmond
2303,7000000US13245000302,Richmond
2304,7000000US13245000507,Richmond
2305,7000000US13245000801,Richmond
2306,7000000US1324500801B,Richmond
2307,7000000US13245000603,Richmond
2308,7000000US13245000102,Richmond
2309,7000000US13245000108,Richmond
2310,7000000US13245000301,Richmond
2311,7000000US13245000808,Richmond
2312,7000000US13245000405,Richmond
2313,7000000US13245000809,Richmond
2314,7000000US13245000103,Richmond
2315,7000000US13245000104,Richmond
2316,7000000US13245000111,Richmond
2317,7000000US13245000601,Richmond
2318,7000000US13245000503,Richmond
2319,7000000US13245000406,Richmond
2320,7000000US13245000803,Richmond
2321,7000000US13245000807,Richmond
2322,7000000US13245000106,Richmond
2323,7000000US13245000107,Richmond
2324,7000000US13245000109,Richmond
2325,7000000US13245000112,Richmond
2326,7000000US13245000310,Richmond
2327,7000000US13245000209,Richmond
2328,7000000US13245000105,Richmond
2329,7000000US13245000203,Richmond
2330,7000000US13245000207,Richmond
2331,7000000US13245000703,Richmond
2332,7000000US13245000605,Richmond
2333,7000000US13245000705,Richmond
2334,7000000US13245000702,Richmond
2335,7000000US13245000707,Richmond
2336,7000000US13245000709,Richmond
2337,7000000US13245000506,Richmond
2338,7000000US13245000404,Richmond
2339,7000000US13245000509,Richmond
2340,7000000US13245000307,Richmond
2341,7000000US13245000804,Richmond
2342,7000000US1324500804H,Richmond
2343,7000000US13245000810,Richmond
2344,7000000US13245000706,Richmond
2345,7000000US13245000708,Richmond
2346,7000000US13245000504,Richmond
2347,7000000US13245000305,Richmond
2348,7000000US13245000306,Richmond
2349,7000000US13245000308,Richmond
2350,7000000US13245000802,Richmond
2351,7000000US13245000115,Richmond
2352,7000000US13245000604,Richmond
2353,7000000US13245000805,Richmond
2354,7000000US13245000208,Richmond
2355,7000000US13245000502,Richmond
2356,7000000US13245000210,Richmond
2357,7000000US13245000303,Richmond
2358,7000000US13245000114,Richmond
2359,7000000US13245000202,Richmond
2360,7000000US13245000401,Richmond
2361,7000000US13245000607,Richmond
2362,7000000US13245000402,Richmond
2363,7000000US13245000608,Richmond
2364,7000000US13245000806,Richmond
2365,7000000US13245000501,Richmond
2366,7000000US13245000309,Richmond
2367,7000000US132470000BA,Rockdale
2368,7000000US132470000MI,Rockdale
2369,7000000US132470000CO,Rockdale
2370,7000000US132470000MA,Rockdale
2371,7000000US132470000ST,Rockdale
2372,7000000US132470000FS,Rockdale
2373,7000000US132470000FI,Rockdale
2374,7000000US132470000SM,Rockdale
2375,7000000US132470000HI,Rockdale
2376,7000000US132470000HC,Rockdale
2377,7000000US132470000SH,Rockdale
2378,7000000US132470000OT,Rockdale
2379,7000000US132470000LA,Rockdale
2380,7000000US132470000RO,Rockdale
2381,7000000US132470000SP,Rockdale
2382,7000000US132470000LO,Rockdale
2383,7000000US132470000BT,Rockdale
2384,7000000US132470000SA,Rockdale
2385,7000000US13249000001,Schley
2386,7000000US13251000009,Screven
2387,7000000US13251000006,Screven
2388,7000000US13251000004,Screven
2389,7000000US13251000012,Screven
2390,7000000US13251000007,Screven
2391,7000000US13251000002,Screven
2392,7000000US13251000011,Screven
2393,7000000US13251000005,Screven
2394,7000000US13251000008,Screven
2395,7000000US13251000010,Screven
2396,7000000US13251000001,Screven
2397,7000000US13251000003,Screven
2398,7000000US13253000004,Seminole
2399,7000000US13253000002,Seminole
2400,7000000US13253000003,Seminole
2401,7000000US13253000005,Seminole
2402,7000000US13253000001,Seminole
2403,7000000US13255000017,Spalding
2404,7000000US13255000015,Spalding
2405,7000000US13255000009,Spalding
2406,7000000US13255000010,Spalding
2407,7000000US13255000006,Spalding
2408,7000000US13255000002,Spalding
2409,7000000US13255000019,Spalding
2410,7000000US13255000007,Spalding
2411,7000000US13255000011,Spalding
2412,7000000US13255000005,Spalding
2413,7000000US13255000016,Spalding
2414,7000000US13255000012,Spalding
2415,7000000US13255000020,Spalding
2416,7000000US13255000008,Spalding
2417,7000000US13255000014,Spalding
2418,7000000US13255000004,Spalding
2419,7000000US13255000021,Spalding
2420,7000000US13255000013,Spalding
2421,7000000US13255000018,Spalding
2422,7000000US13255000001,Spalding
2423,7000000US13255000003,Spalding
2424,7000000US13257000SC1,Stephens
2425,7000000US13259000002,Stewart
2426,7000000US13259000004,Stewart
2427,7000000US13259000005,Stewart
2428,7000000US13259000006,Stewart
2429,7000000US13261000029,Sumter
2430,7000000US1326100O-26,Sumter
2431,7000000US1326100N-26,Sumter
2432,7000000US13261000028,Sumter
2433,7000000US1326100E-27,Sumter
2434,7000000US13261000017,Sumter
2435,7000000US132610C1-27,Sumter
2436,7000000US132610C3-27,Sumter
2437,7000000US132610C2-27,Sumter
2438,7000000US1326100W-27,Sumter
2439,7000000US13261000015,Sumter
2440,7000000US13263000006,Talbot
2441,7000000US13263000003,Talbot
2442,7000000US13263000004,Talbot
2443,7000000US13263000001,Talbot
2444,7000000US13263000005,Talbot
2445,7000000US13263000002,Talbot
2446,7000000US13263000008,Talbot
2447,7000000US13265000172,Taliaferro
2448,7000000US13265000601,Taliaferro
2449,7000000US13267000001,Tattnall
2450,7000000US13267000004,Tattnall
2451,7000000US13267000007,Tattnall
2452,7000000US13267000003,Tattnall
2453,7000000US13267000009,Tattnall
2454,7000000US13267000005,Tattnall
2455,7000000US13267000008,Tattnall
2456,7000000US13267000010,Tattnall
2457,7000000US13269000001,Taylor
2458,7000000US13269000006,Taylor
2459,7000000US13269000005,Taylor
2460,7000000US132710000LU,Telfair
2461,7000000US132710000SC,Telfair
2462,7000000US132710000HE,Telfair
2463,7000000US132710000JA,Telfair
2464,7000000US132710000MI,Telfair
2465,7000000US132710000MC,Telfair
2466,7000000US13273000003,Terrell
2467,7000000US13273000004,Terrell
2468,7000000US13273000001,Terrell
2469,7000000US13273000005,Terrell
2470,7000000US13273000006,Terrell
2471,7000000US13273000002,Terrell
2472,7000000US13275000101,Thomas
2473,7000000US13275000118,Thomas
2474,7000000US13275000103,Thomas
2475,7000000US13275000104,Thomas
2476,7000000US13275000105,Thomas
2477,7000000US13275000106,Thomas
2478,7000000US13275000107,Thomas
2479,7000000US13275000108,Thomas
2480,7000000US13275000109,Thomas
2481,7000000US13275000110,Thomas
2482,7000000US13275000111,Thomas
2483,7000000US13275000112,Thomas
2484,7000000US13275000113,Thomas
2485,7000000US13275000114,Thomas
2486,7000000US13275000115,Thomas
2487,7000000US13275000116,Thomas
2488,7000000US13275000117,Thomas
2489,7000000US13275000120,Thomas
2490,7000000US13275000119,Thomas
2491,7000000US13275000102,Thomas
2492,7000000US13277000003,Tift
2493,7000000US13277000004,Tift
2494,7000000US13277000005,Tift
2495,7000000US13277000006,Tift
2496,7000000US13277000002,Tift
2497,7000000US13277000009,Tift
2498,7000000US13277000011,Tift
2499,7000000US13277000010,Tift
2500,7000000US13277000001,Tift
2501,7000000US13277000007,Tift
2502,7000000US13277000012,Tift
2503,7000000US13277000008,Tift
2504,7000000US13279000514,Toombs
2505,7000000US13279015361,Toombs
2506,7000000US13279000513,Toombs
2507,7000000US13279000039,Toombs
2508,7000000US13279000043,Toombs
2509,7000000US13281000833,Towns
2510,7000000US13281000990,Towns
2511,7000000US13281001581,Towns
2512,7000000US13281001468,Towns
2513,7000000US132830ANNEX,Treutlen
2514,7000000US1328300SOPE,Treutlen
2515,7000000US13285000002,Troup
2516,7000000US13285000014,Troup
2517,7000000US13285000011,Troup
2518,7000000US13285000003,Troup
2519,7000000US13285000012,Troup
2520,7000000US13285000013,Troup
2521,7000000US13285000004,Troup
2522,7000000US13285000010,Troup
2523,7000000US13285000006,Troup
2524,7000000US13285000001,Troup
2525,7000000US13285000016,Troup
2526,7000000US13285000009,Troup
2527,7000000US13285000005,Troup
2528,7000000US13285000008,Troup
2529,7000000US13285000015,Troup
2530,7000000US13285000007,Troup
2531,7000000US13287000002,Turner
2532,7000000US13287000001,Turner
2533,7000000US13287000003,Turner
2534,7000000US1328900JV/W,Twiggs
2535,7000000US132890000HV,Twiggs
2536,7000000US132890000DB,Twiggs
2537,7000000US132890000GI,Twiggs
2538,7000000US1328900SG/T,Twiggs
2539,7000000US13291000011,Union
2540,7000000US13291000003,Union
2541,7000000US13291000004,Union
2542,7000000US13291000005,Union
2543,7000000US13291000008,Union
2544,7000000US13291000001,Union
2545,7000000US13291000007,Union
2546,7000000US13291000002,Union
2547,7000000US13291000006,Union
2548,7000000US13291000009,Union
2549,7000000US13291000010,Union
2550,7000000US13293005610,Upson
2551,7000000US13293001610,Upson
2552,7000000US13293000589,Upson
2553,7000000US13293000588,Upson
2554,7000000US13295001501,Walker
2555,7000000US13295001818,Walker
2556,7000000US13295000953,Walker
2557,7000000US13295001893,Walker
2558,7000000US13295001809,Walker
2559,7000000US13295001851,Walker
2560,7000000US13295001161,Walker
2561,7000000US13295000944,Walker
2562,7000000US13295001812,Walker
2563,7000000US13295000871,Walker
2564,7000000US13295000917,Walker
2565,7000000US13297000421,Walton
2566,7000000US13297001663,Walton
2567,7000000US13297000250,Walton
2568,7000000US13297000422,Walton
2569,7000000US13297000423,Walton
2570,7000000US13297000418,Walton
2571,7000000US13297000559,Walton
2572,7000000US13297000414,Walton
2573,7000000US13297000502,Walton
2574,7000000US13297000417,Walton
2575,7000000US13297000424,Walton
2576,7000000US13297000420,Walton
2577,7000000US13297000415,Walton
2578,7000000US13297000503,Walton
2579,7000000US13297000416,Walton
2580,7000000US13297000454,Walton
2581,7000000US13297001675,Walton
2582,7000000US13297000419,Walton
2583,7000000US13297000425,Walton
2584,7000000US13297000427,Walton
2585,7000000US13297000426,Walton
2586,7000000US13299000404,Ware
2587,7000000US13299000405,Ware
2588,7000000US13299000304,Ware
2589,7000000US13299000400,Ware
2590,7000000US13299000406,Ware
2591,7000000US13299000407,Ware
2592,7000000US1329900200A,Ware
2593,7000000US13299000408,Ware
2594,7000000US13299000409,Ware
2595,7000000US1329900200B,Ware
2596,7000000US13299000300,Ware
2597,7000000US13299000100,Ware
2598,7000000US13301000001,Warren
2599,7000000US13303001488,Washington
2600,7000000US13303001350,Washington
2601,7000000US13303000094,Washington
2602,7000000US13303000091,Washington
2603,7000000US13303000099,Washington
2604,7000000US13303000088,Washington
2605,7000000US13303001253,Washington
2606,7000000US13303000097,Washington
2607,7000000US1330500004B,Wayne
2608,7000000US1330500003B,Wayne
2609,7000000US1330500001B,Wayne
2610,7000000US1330500003C,Wayne
2611,7000000US1330500001A,Wayne
2612,7000000US1330500005B,Wayne
2613,7000000US1330500002B,Wayne
2614,7000000US1330500002A,Wayne
2615,7000000US1330500005C,Wayne
2616,7000000US1330500001C,Wayne
2617,7000000US1330500002D,Wayne
2618,7000000US1330500002C,Wayne
2619,7000000US1330500005A,Wayne
2620,7000000US1330500003A,Wayne
2621,7000000US1330500004A,Wayne
2622,7000000US133070000P1,Webster
2623,7000000US13309000001,Wheeler
2624,7000000US13309000002,Wheeler
2625,7000000US13311000011,White
2626,7000000US13311000071,White
2627,7000000US13311000051,White
2628,7000000US13311000021,White
2629,7000000US13311000061,White
2630,7000000US13311000111,White
2631,7000000US13311000081,White
2632,7000000US13311000101,White
2633,7000000US13311000091,White
2634,7000000US13311000031,White
2635,7000000US13311000041,White
2636,7000000US133130000CA,Whitfield
2637,7000000US1331300003A,Whitfield
2638,7000000US133130000CO,Whitfield
2639,7000000US1331300001A,Whitfield
2640,7000000US1331300005A,Whitfield
2641,7000000US1331300002A,Whitfield
2642,7000000US133130000NI,Whitfield
2643,7000000US133130000LT,Whitfield
2644,7000000US133130000DG,Whitfield
2645,7000000US133130000GL,Whitfield
2646,7000000US133130000MC,Whitfield
2647,7000000US1331300006A,Whitfield
2648,7000000US133130000FI,Whitfield
2649,7000000US133130000PG,Whitfield
2650,7000000US133130000ES,Whitfield
2651,7000000US133130000TI,Whitfield
2652,7000000US133130000TH,Whitfield
2653,7000000US133130000UT,Whitfield
2654,7000000US133130000VA,Whitfield
2655,7000000US133130000WS,Whitfield
2656,7000000US1331300004A,Whitfield
2657,7000000US133130000TR,Whitfield
2658,7000000US133130000AN,Whitfield
2659,7000000US1331500004A,Wilcox
2660,7000000US1331500001A,Wilcox
2661,7000000US1331500003A,Wilcox
2662,7000000US1331500002B,Wilcox
2663,7000000US1331500002A,Wilcox
2664,7000000US1331500005A,Wilcox
2665,7000000US1331700004A,Wilkes
2666,7000000US1331700003A,Wilkes
2667,7000000US1331700002B,Wilkes
2668,7000000US1331700003B,Wilkes
2669,7000000US13317000001,Wilkes
2670,7000000US1331700004B,Wilkes
2671,7000000US1331700002A,Wilkes
2672,7000000US13319000011,Wilkinson
2673,7000000US13319000003,Wilkinson
2674,7000000US13319000002,Wilkinson
2675,7000000US13319000006,Wilkinson
2676,7000000US13319000010,Wilkinson
2677,7000000US13319000008,Wilkinson
2678,7000000US13319000004,Wilkinson
2679,7000000US13319000007,Wilkinson
2680,7000000US13319000005,Wilkinson
2681,7000000US13321000011,Worth
2682,7000000US13321000012,Worth
2683,7000000US13321000016,Worth
2684,7000000US13321000007,Worth
2685,7000000US13321000001,Worth
2686,7000000US13321000015,Worth
2687,7000000US13321000008,Worth
2688,7000000US13321000003,Worth
2689,7000000US13321000006,Worth
2690,7000000US13321000010,Worth
2691,7000000US13321000005,Worth
2692,7000000US13321000014,Worth
2693,7000000US13321000009,Worth
2694,7000000US13321000004,Worth
2695,7000000US13321000002,Worth
