,Area Name,Geographic Id
0,Appling,7000000US13001000002
1,Appling,7000000US1300100001C
2,Appling,7000000US1300100001B
3,Appling,7000000US1300100004D
4,Appling,7000000US1300100005A
5,Appling,7000000US1300100005B
6,Appling,7000000US1300100003C
7,Appling,7000000US130010003A1
8,Appling,7000000US1300100004B
9,Atkinson,7000000US13003000001
10,Atkinson,7000000US13003000002
11,Atkinson,7000000US13003000004
12,Atkinson,7000000US13003000003
13,Bacon,7000000US130050DOUGL
14,Baker,7000000US1300700000A
15,Baker,7000000US1300700000E
16,Baker,7000000US1300700000H
17,Baker,7000000US1300700000M
18,Baker,7000000US1300700000N
19,Baldwin,7000000US1300900CTY4
20,Baldwin,7000000US1300900CTY2
21,Baldwin,7000000US13009000322
22,Baldwin,7000000US1300900CTY6
23,Baldwin,7000000US1300900MONT
24,Baldwin,7000000US1300900CTY5
25,Baldwin,7000000US1300900CTY3
26,Baldwin,7000000US1300900321E
27,Baldwin,7000000US1300900321W
28,Baldwin,7000000US1300900MERI
29,Baldwin,7000000US13009000318
30,Baldwin,7000000US13009001714
31,Baldwin,7000000US1300900CTY1
32,Baldwin,7000000US13009000319
33,Banks,7000000US13011000007
34,Banks,7000000US13011000011
35,Banks,7000000US13011000001
36,Banks,7000000US13011000008
37,Banks,7000000US13011000003
38,Banks,7000000US13011000010
39,Banks,7000000US13011000002
40,Banks,7000000US13011000005
41,Banks,7000000US13011000009
42,Banks,7000000US13011000012
43,Banks,7000000US13011000013
44,Banks,7000000US13011000004
45,Banks,7000000US13011000006
46,Barrow,7000000US13013000002
47,Barrow,7000000US13013000001
48,Barrow,7000000US13013000004
49,Barrow,7000000US13013000005
50,Barrow,7000000US13013000008
51,Barrow,7000000US13013000003
52,Barrow,7000000US13013000016
53,Barrow,7000000US13013000013
54,Bartow,7000000US13015000002
55,Bartow,7000000US13015000011
56,Bartow,7000000US13015000017
57,Bartow,7000000US13015000004
58,Bartow,7000000US13015000005
59,Bartow,7000000US13015000006
60,Bartow,7000000US13015000003
61,Bartow,7000000US13015000018
62,Bartow,7000000US13015000007
63,Bartow,7000000US13015000008
64,Bartow,7000000US13015000009
65,Bartow,7000000US13015000010
66,Bartow,7000000US13015000001
67,Bartow,7000000US13015000012
68,Bartow,7000000US13015000014
69,Bartow,7000000US13015000015
70,Bartow,7000000US13015000016
71,Ben Hill,7000000US13017000002
72,Ben Hill,7000000US13017000001
73,Berrien,7000000US13019001157
74,Berrien,7000000US13019000518
75,Berrien,7000000US13019001642
76,Berrien,7000000US13019001144
77,Berrien,7000000US13019011062
78,Bibb,7000000US13021000EM3
79,Bibb,7000000US13021000GF2
80,Bibb,7000000US13021000GF3
81,Bibb,7000000US13021000GF4
82,Bibb,7000000US13021000HA1
83,Bibb,7000000US13021000GF1
84,Bibb,7000000US13021000VV2
85,Bibb,7000000US13021000HO5
86,Bibb,7000000US13021000VV3
87,Bibb,7000000US13021000VV4
88,Bibb,7000000US13021000GF5
89,Bibb,7000000US13021000HO2
90,Bibb,7000000US13021000HA2
91,Bibb,7000000US13021000WA1
92,Bibb,7000000US13021000VV6
93,Bibb,7000000US13021000WA2
94,Bibb,7000000US13021000HO4
95,Bibb,7000000US13021000HA3
96,Bibb,7000000US13021000RU1
97,Bibb,7000000US13021000EM4
98,Bibb,7000000US13021000HA4
99,Bibb,7000000US13021000VV5
100,Bibb,7000000US13021000HO7
101,Bibb,7000000US13021000HO1
102,Bibb,7000000US13021000RU2
103,Bibb,7000000US13021000VV1
104,Bibb,7000000US13021000EM1
105,Bibb,7000000US13021000HO6
106,Bibb,7000000US13021000EM2
107,Bibb,7000000US13021000EM5
108,Bibb,7000000US13021000HO3
109,Bleckley,7000000US13023000001
110,Brantley,7000000US13025000001
111,Brantley,7000000US13025000002
112,Brantley,7000000US13025000003
113,Brooks,7000000US13027001230
114,Brooks,7000000US13027001402
115,Brooks,7000000US13027001650
116,Brooks,7000000US13027000660
117,Brooks,7000000US13027001199
118,Brooks,7000000US13027000659
119,Brooks,7000000US13027001712
120,Bryan,7000000US13029000003
121,Bryan,7000000US13029000008
122,Bryan,7000000US13029000010
123,Bryan,7000000US13029000004
124,Bryan,7000000US13029000001
125,Bryan,7000000US13029000002
126,Bryan,7000000US13029000006
127,Bryan,7000000US13029000007
128,Bryan,7000000US13029000009
129,Bryan,7000000US13029000005
130,Bulloch,7000000US13031000012
131,Bulloch,7000000US13031000003
132,Bulloch,7000000US13031000006
133,Bulloch,7000000US13031000004
134,Bulloch,7000000US13031000010
135,Bulloch,7000000US13031000013
136,Bulloch,7000000US13031000016
137,Bulloch,7000000US13031000001
138,Bulloch,7000000US13031000002
139,Bulloch,7000000US13031000007
140,Bulloch,7000000US13031000015
141,Bulloch,7000000US13031000009
142,Bulloch,7000000US13031000014
143,Bulloch,7000000US13031000005
144,Bulloch,7000000US13031000008
145,Bulloch,7000000US13031000011
146,Burke,7000000US13033000016
147,Burke,7000000US13033000015
148,Burke,7000000US13033000014
149,Burke,7000000US13033000001
150,Burke,7000000US13033000011
151,Burke,7000000US13033000005
152,Burke,7000000US13033000004
153,Burke,7000000US13033000010
154,Burke,7000000US13033000008
155,Burke,7000000US13033000012
156,Burke,7000000US13033000003
157,Burke,7000000US13033000002
158,Burke,7000000US13033000007
159,Burke,7000000US13033000009
160,Burke,7000000US13033000013
161,Burke,7000000US13033000006
162,Butts,7000000US1303500BCAB
163,Calhoun,7000000US13037000002
164,Calhoun,7000000US13037000005
165,Calhoun,7000000US13037000001
166,Calhoun,7000000US13037000004
167,Calhoun,7000000US13037000003
168,Camden,7000000US13039000011
169,Camden,7000000US13039000013
170,Camden,7000000US13039000008
171,Camden,7000000US13039000007
172,Camden,7000000US13039000005
173,Camden,7000000US13039000004
174,Camden,7000000US13039000006
175,Camden,7000000US13039000002
176,Camden,7000000US13039000009
177,Camden,7000000US13039000010
178,Camden,7000000US13039000012
179,Camden,7000000US13039000001
180,Camden,7000000US13039000014
181,Camden,7000000US13039000003
182,Candler,7000000US13043001733
183,Candler,7000000US13043001734
184,Candler,7000000US13043001736
185,Candler,7000000US1304300CAND
186,Carroll,7000000US13045000501
187,Carroll,7000000US130450714A3
188,Carroll,7000000US13045001111
189,Carroll,7000000US13045001152
190,Carroll,7000000US13045001483
191,Carroll,7000000US130450714BN
192,Carroll,7000000US13045001540
193,Carroll,7000000US13045000641
194,Carroll,7000000US13045001006
195,Carroll,7000000US130450714A2
196,Carroll,7000000US13045001542
197,Carroll,7000000US13045001122
198,Carroll,7000000US13045001496
199,Carroll,7000000US13045001240
200,Carroll,7000000US130450714A5
201,Carroll,7000000US13045000715
202,Carroll,7000000US130450714BW
203,Carroll,7000000US13045000642
204,Carroll,7000000US13045000713
205,Carroll,7000000US13045001371
206,Carroll,7000000US130450714A6
207,Carroll,7000000US13045000649
208,Carroll,7000000US13045000650
209,Carroll,7000000US13045001533
210,Carroll,7000000US130450714A4
211,Carroll,7000000US13045000640
212,Carroll,7000000US130450714A1
213,Carroll,7000000US13045000682
214,Catoosa,7000000US1304700BLCK
215,Catoosa,7000000US1304700BOYN
216,Catoosa,7000000US1304700CAKT
217,Catoosa,7000000US1304700CHAM
218,Catoosa,7000000US1304700FT O
219,Catoosa,7000000US1304700GRAY
220,Catoosa,7000000US1304700LAKE
221,Catoosa,7000000US1304700POPS
222,Catoosa,7000000US1304700RING
223,Catoosa,7000000US1304700WEST
224,Catoosa,7000000US1304700WOOD
225,Charlton,7000000US1304900004A
226,Charlton,7000000US1304900003B
227,Charlton,7000000US13049000002
228,Charlton,7000000US1304900005F
229,Charlton,7000000US1304900004H
230,Charlton,7000000US1304900005R
231,Charlton,7000000US1304900003S
232,Charlton,7000000US1304900005W
233,Chatham,7000000US1305105-01C
234,Chatham,7000000US1305108-12C
235,Chatham,7000000US1305103-10C
236,Chatham,7000000US1305107-08C
237,Chatham,7000000US1305104-10C
238,Chatham,7000000US1305108-11C
239,Chatham,7000000US1305105-03C
240,Chatham,7000000US1305108-10C
241,Chatham,7000000US1305101-06C
242,Chatham,7000000US1305102-07C
243,Chatham,7000000US1305106-08C
244,Chatham,7000000US1305107-11C
245,Chatham,7000000US1305108-01C
246,Chatham,7000000US1305107-14C
247,Chatham,7000000US1305106-11C
248,Chatham,7000000US1305106-03C
249,Chatham,7000000US1305102-06C
250,Chatham,7000000US1305103-15C
251,Chatham,7000000US1305105-07C
252,Chatham,7000000US1305102-04C
253,Chatham,7000000US1305101-16C
254,Chatham,7000000US1305103-04C
255,Chatham,7000000US1305108-15C
256,Chatham,7000000US1305107-06C
257,Chatham,7000000US1305104-06C
258,Chatham,7000000US1305101-01C
259,Chatham,7000000US1305107-01C
260,Chatham,7000000US1305106-10C
261,Chatham,7000000US1305101-08C
262,Chatham,7000000US1305108-02C
263,Chatham,7000000US1305102-05C
264,Chatham,7000000US1305101-09C
265,Chatham,7000000US1305101-17C
266,Chatham,7000000US1305104-02C
267,Chatham,7000000US1305101-12C
268,Chatham,7000000US1305101-05C
269,Chatham,7000000US1305103-08C
270,Chatham,7000000US1305105-10C
271,Chatham,7000000US1305107-04C
272,Chatham,7000000US1305105-11C
273,Chatham,7000000US1305105-05C
274,Chatham,7000000US1305104-04C
275,Chatham,7000000US1305108-16C
276,Chatham,7000000US1305108-09C
277,Chatham,7000000US1305103-13C
278,Chatham,7000000US1305103-05C
279,Chatham,7000000US1305103-14C
280,Chatham,7000000US1305103-01C
281,Chatham,7000000US1305107-03C
282,Chatham,7000000US1305107-12C
283,Chatham,7000000US1305107-16C
284,Chatham,7000000US1305107-10C
285,Chatham,7000000US1305108-08C
286,Chatham,7000000US1305107-15C
287,Chatham,7000000US1305102-02C
288,Chatham,7000000US1305107-07C
289,Chatham,7000000US1305101-10C
290,Chatham,7000000US1305108-13C
291,Chatham,7000000US1305103-03C
292,Chatham,7000000US1305107-09C
293,Chatham,7000000US1305105-08C
294,Chatham,7000000US1305105-06C
295,Chatham,7000000US1305105-02C
296,Chatham,7000000US1305108-03C
297,Chatham,7000000US1305104-13C
298,Chatham,7000000US1305104-14C
299,Chatham,7000000US1305104-15C
300,Chatham,7000000US1305103-11C
301,Chatham,7000000US1305107-13C
302,Chatham,7000000US1305101-14C
303,Chatham,7000000US1305104-12C
304,Chatham,7000000US1305104-05C
305,Chatham,7000000US1305102-11C
306,Chatham,7000000US1305103-02C
307,Chatham,7000000US1305103-09C
308,Chatham,7000000US1305106-06C
309,Chatham,7000000US1305102-09C
310,Chatham,7000000US1305101-13C
311,Chatham,7000000US1305103-12C
312,Chatham,7000000US1305108-06C
313,Chatham,7000000US1305106-09C
314,Chatham,7000000US1305104-11C
315,Chatham,7000000US1305102-03C
316,Chatham,7000000US1305108-05C
317,Chatham,7000000US1305106-01C
318,Chatham,7000000US1305102-12C
319,Chatham,7000000US1305104-08C
320,Chatham,7000000US1305104-07C
321,Chatham,7000000US1305106-02C
322,Chatham,7000000US1305106-05C
323,Chatham,7000000US1305107-05C
324,Chatham,7000000US1305108-07C
325,Chattahoochee,7000000US13053000001
326,Chattooga,7000000US13055000925
327,Chattooga,7000000US13055001382
328,Chattooga,7000000US13055000940
329,Chattooga,7000000US13055000968
330,Chattooga,7000000US130550C-968
331,Chattooga,7000000US13055001083
332,Chattooga,7000000US13055001216
333,Chattooga,7000000US13055001484
334,Chattooga,7000000US13055000961
335,Chattooga,7000000US13055000962
336,Chattooga,7000000US13055000870
337,Chattooga,7000000US13055000927
338,Chattooga,7000000US130550P-870
339,Cherokee,7000000US13057000044
340,Cherokee,7000000US13057000002
341,Cherokee,7000000US13057000004
342,Cherokee,7000000US13057000005
343,Cherokee,7000000US13057000018
344,Cherokee,7000000US13057000020
345,Cherokee,7000000US13057000031
346,Cherokee,7000000US13057000011
347,Cherokee,7000000US13057000039
348,Cherokee,7000000US13057000006
349,Cherokee,7000000US13057000007
350,Cherokee,7000000US13057000041
351,Cherokee,7000000US13057000013
352,Cherokee,7000000US13057000010
353,Cherokee,7000000US13057000032
354,Cherokee,7000000US13057000033
355,Cherokee,7000000US13057000008
356,Cherokee,7000000US13057000019
357,Cherokee,7000000US13057000003
358,Cherokee,7000000US13057000021
359,Cherokee,7000000US13057000042
360,Cherokee,7000000US13057000022
361,Cherokee,7000000US13057000009
362,Cherokee,7000000US13057000034
363,Cherokee,7000000US13057000037
364,Cherokee,7000000US13057000024
365,Cherokee,7000000US13057000026
366,Cherokee,7000000US13057000027
367,Cherokee,7000000US13057000001
368,Cherokee,7000000US13057000028
369,Cherokee,7000000US13057000040
370,Cherokee,7000000US13057000023
371,Cherokee,7000000US13057000030
372,Cherokee,7000000US13057000036
373,Cherokee,7000000US13057000014
374,Cherokee,7000000US13057000035
375,Cherokee,7000000US13057000015
376,Cherokee,7000000US13057000043
377,Cherokee,7000000US13057000038
378,Cherokee,7000000US13057000029
379,Cherokee,7000000US13057000012
380,Cherokee,7000000US13057000016
381,Clarke,7000000US1305900005D
382,Clarke,7000000US1305900007B
383,Clarke,7000000US1305900004A
384,Clarke,7000000US1305900001B
385,Clarke,7000000US1305900001C
386,Clarke,7000000US1305900008B
387,Clarke,7000000US1305900005C
388,Clarke,7000000US1305900003A
389,Clarke,7000000US1305900006A
390,Clarke,7000000US1305900007C
391,Clarke,7000000US1305900006D
392,Clarke,7000000US1305900008C
393,Clarke,7000000US1305900008A
394,Clarke,7000000US1305900006B
395,Clarke,7000000US1305900002B
396,Clarke,7000000US1305900002A
397,Clarke,7000000US1305900004B
398,Clarke,7000000US1305900005A
399,Clarke,7000000US1305900003B
400,Clarke,7000000US1305900006C
401,Clarke,7000000US1305900007A
402,Clarke,7000000US1305900001D
403,Clarke,7000000US1305900005B
404,Clarke,7000000US1305900001A
405,Clay,7000000US13061000001
406,Clay,7000000US13061000002
407,Clay,7000000US13061000003
408,Clay,7000000US13061000004
409,Clay,7000000US13061000005
410,Clayton,7000000US13063000MO4
411,Clayton,7000000US1306300JB05
412,Clayton,7000000US1306300RD04
413,Clayton,7000000US13063000MO5
414,Clayton,7000000US13063000MO1
415,Clayton,7000000US1306300MO11
416,Clayton,7000000US1306300JB11
417,Clayton,7000000US13063000FP4
418,Clayton,7000000US1306300JB13
419,Clayton,7000000US1306300JB02
420,Clayton,7000000US1306300OAK4
421,Clayton,7000000US13063000MO6
422,Clayton,7000000US1306300RD03
423,Clayton,7000000US1306300JB12
424,Clayton,7000000US13063000LC1
425,Clayton,7000000US13063000EW2
426,Clayton,7000000US13063000LJ6
427,Clayton,7000000US13063000FP1
428,Clayton,7000000US13063000FP3
429,Clayton,7000000US1306300RD11
430,Clayton,7000000US13063000LJ5
431,Clayton,7000000US13063000FP6
432,Clayton,7000000US13063000FP2
433,Clayton,7000000US1306300JB18
434,Clayton,7000000US13063000LJ4
435,Clayton,7000000US1306300JB16
436,Clayton,7000000US1306300JB04
437,Clayton,7000000US1306300OAK5
438,Clayton,7000000US1306300RD02
439,Clayton,7000000US1306300JB15
440,Clayton,7000000US1306300JB03
441,Clayton,7000000US13063000FP5
442,Clayton,7000000US13063000LJ7
443,Clayton,7000000US13063000LJ3
444,Clayton,7000000US13063000LJ2
445,Clayton,7000000US1306300JB06
446,Clayton,7000000US13063000MO7
447,Clayton,7000000US13063000MO2
448,Clayton,7000000US13063000MO9
449,Clayton,7000000US1306300JB08
450,Clayton,7000000US1306300JB07
451,Clayton,7000000US1306300JB19
452,Clayton,7000000US13063000LJ1
453,Clayton,7000000US13063000PH2
454,Clayton,7000000US1306300RD12
455,Clayton,7000000US1306300OAK1
456,Clayton,7000000US1306300OAK2
457,Clayton,7000000US1306300MO10
458,Clayton,7000000US1306300RD01
459,Clayton,7000000US1306300JB17
460,Clayton,7000000US1306300JB01
461,Clayton,7000000US13063000MO8
462,Clayton,7000000US1306300RD08
463,Clayton,7000000US1306300RD07
464,Clayton,7000000US1306300RD09
465,Clayton,7000000US1306300RD10
466,Clayton,7000000US1306300RD05
467,Clayton,7000000US13063000PH1
468,Clayton,7000000US1306300JB09
469,Clayton,7000000US1306300JB10
470,Clayton,7000000US1306300JB14
471,Clayton,7000000US1306300RD06
472,Clayton,7000000US13063000MO3
473,Clayton,7000000US13063000EW1
474,Clayton,7000000US1306300OAK3
475,Clinch,7000000US130650000AB
476,Clinch,7000000US1306500000H
477,Clinch,7000000US1306500000D
478,Clinch,7000000US1306500000F
479,Clinch,7000000US130650000AG
480,Cobb,7000000US1306700AC1B
481,Cobb,7000000US1306700SN6A
482,Cobb,7000000US1306700SN1A
483,Cobb,7000000US1306700AU1A
484,Cobb,7000000US1306700RM01
485,Cobb,7000000US1306700KE3A
486,Cobb,7000000US1306700WL01
487,Cobb,7000000US1306700BR01
488,Cobb,7000000US1306700LM03
489,Cobb,7000000US1306700MR1A
490,Cobb,7000000US1306700KP03
491,Cobb,7000000US1306700PM02
492,Cobb,7000000US1306700BR02
493,Cobb,7000000US1306700DI02
494,Cobb,7000000US1306700PR01
495,Cobb,7000000US1306700TR01
496,Cobb,7000000US1306700CH03
497,Cobb,7000000US1306700CR01
498,Cobb,7000000US1306700WG02
499,Cobb,7000000US1306700BF02
500,Cobb,7000000US1306700RS01
501,Cobb,7000000US1306700MR7A
502,Cobb,7000000US1306700EL01
503,Cobb,7000000US1306700NC01
504,Cobb,7000000US1306700VG04
505,Cobb,7000000US1306700EA01
506,Cobb,7000000US1306700CO01
507,Cobb,7000000US1306700EL02
508,Cobb,7000000US1306700GT01
509,Cobb,7000000US1306700DL01
510,Cobb,7000000US1306700KP01
511,Cobb,7000000US1306700DU01
512,Cobb,7000000US1306700NS01
513,Cobb,7000000US1306700RW01
514,Cobb,7000000US1306700MT03
515,Cobb,7000000US1306700EA02
516,Cobb,7000000US1306700TM01
517,Cobb,7000000US1306700EP01
518,Cobb,7000000US1306700OR03
519,Cobb,7000000US1306700CL02
520,Cobb,7000000US1306700SN2A
521,Cobb,7000000US1306700PS3A
522,Cobb,7000000US1306700BG01
523,Cobb,7000000US1306700MA04
524,Cobb,7000000US1306700SW02
525,Cobb,7000000US1306700FR01
526,Cobb,7000000US1306700FP01
527,Cobb,7000000US1306700PS1A
528,Cobb,7000000US1306700CK01
529,Cobb,7000000US1306700LM04
530,Cobb,7000000US1306700SM03
531,Cobb,7000000US1306700EL04
532,Cobb,7000000US1306700HR01
533,Cobb,7000000US1306700HY01
534,Cobb,7000000US1306700NP01
535,Cobb,7000000US1306700OR04
536,Cobb,7000000US1306700SO01
537,Cobb,7000000US1306700SA01
538,Cobb,7000000US1306700MB01
539,Cobb,7000000US1306700SN5A
540,Cobb,7000000US1306700KE1A
541,Cobb,7000000US1306700MT01
542,Cobb,7000000US1306700KL01
543,Cobb,7000000US1306700KE4A
544,Cobb,7000000US1306700VG03
545,Cobb,7000000US1306700SN4A
546,Cobb,7000000US1306700FO04
547,Cobb,7000000US1306700AD01
548,Cobb,7000000US1306700KE5A
549,Cobb,7000000US1306700SN7A
550,Cobb,7000000US1306700LI01
551,Cobb,7000000US1306700SW01
552,Cobb,7000000US1306700MS02
553,Cobb,7000000US1306700LM02
554,Cobb,7000000US1306700OR01
555,Cobb,7000000US1306700CL01
556,Cobb,7000000US1306700SO03
557,Cobb,7000000US1306700DC01
558,Cobb,7000000US1306700PE01
559,Cobb,7000000US1306700MA02
560,Cobb,7000000US1306700OR05
561,Cobb,7000000US1306700MR4A
562,Cobb,7000000US1306700MR2A
563,Cobb,7000000US1306700ML01
564,Cobb,7000000US1306700MC01
565,Cobb,7000000US1306700CH02
566,Cobb,7000000US1306700FO02
567,Cobb,7000000US1306700MR3B
568,Cobb,7000000US1306700SI01
569,Cobb,7000000US1306700DV01
570,Cobb,7000000US1306700MT04
571,Cobb,7000000US1306700MR6B
572,Cobb,7000000US1306700RW02
573,Cobb,7000000US1306700MD01
574,Cobb,7000000US1306700KE2A
575,Cobb,7000000US1306700MR4C
576,Cobb,7000000US1306700NJ01
577,Cobb,7000000US1306700BF03
578,Cobb,7000000US1306700AC1C
579,Cobb,7000000US1306700BW01
580,Cobb,7000000US1306700AC1A
581,Cobb,7000000US1306700MS01
582,Cobb,7000000US1306700CA01
583,Cobb,7000000US1306700EL03
584,Cobb,7000000US1306700LA01
585,Cobb,7000000US1306700PM01
586,Cobb,7000000US1306700PT01
587,Cobb,7000000US1306700MR3A
588,Cobb,7000000US1306700MR6A
589,Cobb,7000000US1306700BT02
590,Cobb,7000000US1306700PS2A
591,Cobb,7000000US1306700EL05
592,Cobb,7000000US1306700MR2B
593,Cobb,7000000US1306700ME01
594,Cobb,7000000US1306700PF01
595,Cobb,7000000US1306700SF01
596,Cobb,7000000US1306700MK01
597,Cobb,7000000US1306700BF04
598,Cobb,7000000US1306700SN3B
599,Cobb,7000000US1306700SN3A
600,Cobb,7000000US1306700SO02
601,Cobb,7000000US1306700HL01
602,Cobb,7000000US1306700MA01
603,Cobb,7000000US1306700OK01
604,Cobb,7000000US1306700BK01
605,Cobb,7000000US1306700VG02
606,Cobb,7000000US1306700SM01
607,Cobb,7000000US1306700PP01
608,Cobb,7000000US1306700DO01
609,Cobb,7000000US1306700MA03
610,Cobb,7000000US1306700MR4B
611,Cobb,7000000US1306700BG02
612,Cobb,7000000US1306700BT01
613,Cobb,7000000US1306700MR5B
614,Cobb,7000000US1306700GM01
615,Cobb,7000000US1306700VA01
616,Cobb,7000000US1306700VG01
617,Cobb,7000000US1306700OR02
618,Cobb,7000000US1306700PO01
619,Cobb,7000000US1306700KP02
620,Cobb,7000000US1306700FY01
621,Cobb,7000000US1306700LM01
622,Cobb,7000000US1306700DI01
623,Cobb,7000000US1306700HT01
624,Cobb,7000000US1306700MR5A
625,Coffee,7000000US13069000002
626,Coffee,7000000US13069000003
627,Coffee,7000000US13069000001
628,Coffee,7000000US13069000005
629,Coffee,7000000US13069000004
630,Coffee,7000000US13069000006
631,Colquitt,7000000US13071000001
632,Colquitt,7000000US13071000007
633,Colquitt,7000000US13071000020
634,Colquitt,7000000US13071000008
635,Colquitt,7000000US13071000014
636,Colquitt,7000000US13071000009
637,Colquitt,7000000US13071000010
638,Colquitt,7000000US13071000023
639,Colquitt,7000000US13071000011
640,Colquitt,7000000US13071000012
641,Colquitt,7000000US13071000013
642,Colquitt,7000000US13071000015
643,Colquitt,7000000US13071000017
644,Colquitt,7000000US13071000018
645,Colquitt,7000000US13071000019
646,Colquitt,7000000US13071000016
647,Colquitt,7000000US13071000021
648,Colquitt,7000000US13071000002
649,Colquitt,7000000US13071000022
650,Columbia,7000000US13073000090
651,Columbia,7000000US13073000100
652,Columbia,7000000US13073000075
653,Columbia,7000000US13073000025
654,Columbia,7000000US13073000070
655,Columbia,7000000US13073000136
656,Columbia,7000000US13073000135
657,Columbia,7000000US13073000065
658,Columbia,7000000US13073000137
659,Columbia,7000000US13073000125
660,Columbia,7000000US13073000060
661,Columbia,7000000US13073000134
662,Columbia,7000000US13073000051
663,Columbia,7000000US13073000040
664,Columbia,7000000US13073000108
665,Columbia,7000000US13073000120
666,Columbia,7000000US13073000107
667,Columbia,7000000US13073000064
668,Columbia,7000000US13073000032
669,Columbia,7000000US13073000061
670,Columbia,7000000US13073000034
671,Columbia,7000000US13073000033
672,Columbia,7000000US13073000030
673,Columbia,7000000US13073000031
674,Columbia,7000000US13073000020
675,Columbia,7000000US13073000022
676,Columbia,7000000US13073000131
677,Columbia,7000000US13073000010
678,Columbia,7000000US13073000111
679,Columbia,7000000US13073000015
680,Columbia,7000000US13073000115
681,Columbia,7000000US13073000110
682,Columbia,7000000US13073000076
683,Columbia,7000000US13073000018
684,Columbia,7000000US13073000062
685,Columbia,7000000US13073000017
686,Columbia,7000000US13073000026
687,Columbia,7000000US13073000063
688,Columbia,7000000US13073000105
689,Columbia,7000000US13073000024
690,Columbia,7000000US13073000050
691,Columbia,7000000US13073000109
692,Columbia,7000000US13073000085
693,Columbia,7000000US13073000132
694,Columbia,7000000US13073000130
695,Columbia,7000000US13073000080
696,Columbia,7000000US13073000016
697,Cook,7000000US1307500000C
698,Cook,7000000US130750000DB
699,Cook,7000000US1307500000M
700,Cook,7000000US130750000RB
701,Cook,7000000US130750000EP
702,Cook,7000000US1307500000L
703,Cook,7000000US130750000NL
704,Cook,7000000US1307500000S
705,Coweta,7000000US13077000020
706,Coweta,7000000US13077000023
707,Coweta,7000000US13077000017
708,Coweta,7000000US13077000024
709,Coweta,7000000US13077000027
710,Coweta,7000000US13077000003
711,Coweta,7000000US13077000008
712,Coweta,7000000US13077000021
713,Coweta,7000000US13077000004
714,Coweta,7000000US13077000007
715,Coweta,7000000US13077000009
716,Coweta,7000000US13077000010
717,Coweta,7000000US13077000013
718,Coweta,7000000US13077000022
719,Coweta,7000000US13077000019
720,Coweta,7000000US13077000002
721,Coweta,7000000US13077000005
722,Coweta,7000000US13077000025
723,Coweta,7000000US13077000012
724,Coweta,7000000US13077000006
725,Coweta,7000000US13077000001
726,Coweta,7000000US13077000018
727,Coweta,7000000US13077000026
728,Coweta,7000000US13077000014
729,Coweta,7000000US13077000015
730,Coweta,7000000US13077000011
731,Crawford,7000000US1307900001A
732,Crawford,7000000US13079000003
733,Crawford,7000000US1307900001B
734,Crawford,7000000US13079000004
735,Crawford,7000000US13079000005
736,Crawford,7000000US13079000002
737,Crisp,7000000US130810CONEY
738,Crisp,7000000US130810ARABI
739,Crisp,7000000US130810CORDE
740,Crisp,7000000US130810JAMES
741,Crisp,7000000US130810LISTO
742,Dade,7000000US13083000960
743,Dade,7000000US13083001038
744,Dade,7000000US13083001885
745,Dade,7000000US13083001214
746,Dade,7000000US13083001889
747,Dade,7000000US13083001222
748,Dade,7000000US13083000974
749,Dawson,7000000US13085000002
750,Dawson,7000000US13085000003
751,Dawson,7000000US13085000001
752,Decatur,7000000US13087000694
753,Decatur,7000000US13087001613
754,Decatur,7000000US13087001361
755,Decatur,7000000US13087000513
756,Decatur,7000000US13087000514
757,Decatur,7000000US13087001342
758,Decatur,7000000US13087001277
759,Decatur,7000000US13087001325
760,Decatur,7000000US13087001805
761,Dodge,7000000US130910CHAUN
762,Dodge,7000000US130910MULLI
763,Dodge,7000000US130910CLARK
764,Dodge,7000000US130910EDDIN
765,Dodge,7000000US130910EMPIR
766,Dodge,7000000US130910JAYBI
767,Dodge,7000000US130910JONES
768,Dodge,7000000US130910MCCRA
769,Dodge,7000000US130910MILAN
770,Dodge,7000000US130910MITCH
771,Dodge,7000000US130910PLAIN
772,Dodge,7000000US130910RAWLI
773,Dodge,7000000US130910PONDT
774,Dodge,7000000US13091000LEE
775,Dodge,7000000US130910VILUL
776,Dodge,7000000US130910YONKE
777,Dooly,7000000US13093000002
778,Dooly,7000000US13093000010
779,Dooly,7000000US13093000008
780,Dooly,7000000US13093000005
781,Dooly,7000000US13093000007
782,Dougherty,7000000US13095000024
783,Dougherty,7000000US13095000011
784,Dougherty,7000000US13095000012
785,Dougherty,7000000US13095000025
786,Dougherty,7000000US13095000003
787,Dougherty,7000000US13095000007
788,Dougherty,7000000US13095000027
789,Dougherty,7000000US13095000004
790,Dougherty,7000000US13095000021
791,Dougherty,7000000US13095000017
792,Dougherty,7000000US13095000026
793,Dougherty,7000000US13095000014
794,Dougherty,7000000US13095000028
795,Dougherty,7000000US13095000006
796,Dougherty,7000000US13095000018
797,Dougherty,7000000US13095000010
798,Dougherty,7000000US13095000001
799,Dougherty,7000000US13095000022
800,Dougherty,7000000US13095000015
801,Dougherty,7000000US13095000023
802,Dougherty,7000000US13095000020
803,Dougherty,7000000US13095000019
804,Dougherty,7000000US13095000009
805,Dougherty,7000000US13095000002
806,Dougherty,7000000US13095000013
807,Dougherty,7000000US13095000016
808,Dougherty,7000000US13095000005
809,Dougherty,7000000US13095000008
810,Douglas,7000000US13097000729
811,Douglas,7000000US13097000730
812,Douglas,7000000US13097000731
813,Douglas,7000000US13097000732
814,Douglas,7000000US13097000733
815,Douglas,7000000US13097000734
816,Douglas,7000000US13097000735
817,Douglas,7000000US1309700736N
818,Douglas,7000000US1309700736S
819,Douglas,7000000US13097000737
820,Douglas,7000000US13097000738
821,Douglas,7000000US13097000739
822,Douglas,7000000US13097000740
823,Douglas,7000000US13097000784
824,Douglas,7000000US13097000785
825,Douglas,7000000US13097001258
826,Douglas,7000000US13097001259
827,Douglas,7000000US13097001260
828,Douglas,7000000US13097001270
829,Douglas,7000000US13097001271
830,Douglas,7000000US13097001272
831,Douglas,7000000US13097001273
832,Douglas,7000000US13097001274
833,Douglas,7000000US13097001275
834,Douglas,7000000US13097001276
835,Early,7000000US130990000CS
836,Early,7000000US1309900CUBA
837,Early,7000000US1309900000L
838,Early,7000000US1309900000B
839,Early,7000000US1309900000A
840,Early,7000000US130990000CO
841,Early,7000000US1309900000F
842,Early,7000000US1309900000U
843,Echols,7000000US13101001058
844,Effingham,7000000US1310300003C
845,Effingham,7000000US1310300002C
846,Effingham,7000000US1310300002A
847,Effingham,7000000US1310300003B
848,Effingham,7000000US1310300003A
849,Effingham,7000000US1310300001D
850,Effingham,7000000US1310300005C
851,Effingham,7000000US1310300005A
852,Effingham,7000000US1310300001A
853,Effingham,7000000US1310300001C
854,Effingham,7000000US1310300003D
855,Effingham,7000000US1310300004C
856,Effingham,7000000US1310300005B
857,Effingham,7000000US1310300004B
858,Effingham,7000000US1310300001B
859,Effingham,7000000US1310300004A
860,Effingham,7000000US1310300002B
861,Elbert,7000000US13105000201
862,Elbert,7000000US13105000315
863,Elbert,7000000US13105000197
864,Elbert,7000000US13105000189
865,Elbert,7000000US13105000191
866,Elbert,7000000US13105000190
867,Elbert,7000000US13105000192
868,Elbert,7000000US13105000199
869,Elbert,7000000US13105000196
870,Elbert,7000000US13105000202
871,Elbert,7000000US13105000193
872,Emanuel,7000000US13107001748
873,Emanuel,7000000US13107001208
874,Emanuel,7000000US13107001333
875,Emanuel,7000000US13107000052
876,Emanuel,7000000US13107001429
877,Emanuel,7000000US13107001502
878,Emanuel,7000000US13107000050
879,Emanuel,7000000US13107000058
880,Emanuel,7000000US13107000057
881,Emanuel,7000000US13107000053
882,Emanuel,7000000US13107001560
883,Evans,7000000US13109000011
884,Fannin,7000000US1311100FLIN
885,Fannin,7000000US1311100TOCC
886,Fannin,7000000US1311100MINE
887,Fannin,7000000US1311100COLW
888,Fannin,7000000US1311100SKEN
889,Fannin,7000000US1311100FAIR
890,Fannin,7000000US1311100SUGC
891,Fannin,7000000US1311100HOTH
892,Fannin,7000000US1311100NOON
893,Fannin,7000000US1311100HEMP
894,Fannin,7000000US1311100MORG
895,Fannin,7000000US1311100MOBI
896,Fayette,7000000US13113000024
897,Fayette,7000000US13113000007
898,Fayette,7000000US13113000022
899,Fayette,7000000US13113000002
900,Fayette,7000000US13113000019
901,Fayette,7000000US13113000020
902,Fayette,7000000US13113000033
903,Fayette,7000000US13113000029
904,Fayette,7000000US13113000004
905,Fayette,7000000US13113000035
906,Fayette,7000000US13113000001
907,Fayette,7000000US13113000014
908,Fayette,7000000US13113000032
909,Fayette,7000000US13113000011
910,Fayette,7000000US13113000027
911,Fayette,7000000US13113000025
912,Fayette,7000000US13113000016
913,Fayette,7000000US13113000010
914,Fayette,7000000US13113000031
915,Fayette,7000000US13113000005
916,Fayette,7000000US13113000003
917,Fayette,7000000US13113000006
918,Fayette,7000000US13113000030
919,Fayette,7000000US13113000008
920,Fayette,7000000US13113000023
921,Fayette,7000000US13113000028
922,Fayette,7000000US13113000017
923,Fayette,7000000US13113000013
924,Fayette,7000000US13113000018
925,Fayette,7000000US13113000012
926,Fayette,7000000US13113000034
927,Fayette,7000000US13113000036
928,Fayette,7000000US13113000021
929,Fayette,7000000US13113000026
930,Fayette,7000000US13113000009
931,Fayette,7000000US13113000015
932,Floyd,7000000US13115000001
933,Floyd,7000000US13115000050
934,Floyd,7000000US13115000115
935,Floyd,7000000US13115000020
936,Floyd,7000000US13115000080
937,Floyd,7000000US13115000076
938,Floyd,7000000US13115000060
939,Floyd,7000000US13115000090
940,Floyd,7000000US13115000040
941,Floyd,7000000US13115000075
942,Floyd,7000000US13115000135
943,Floyd,7000000US13115000065
944,Floyd,7000000US13115000110
945,Floyd,7000000US13115000035
946,Floyd,7000000US13115000010
947,Floyd,7000000US13115000105
948,Floyd,7000000US13115000015
949,Floyd,7000000US13115000085
950,Floyd,7000000US13115000140
951,Floyd,7000000US13115000130
952,Floyd,7000000US13115000030
953,Floyd,7000000US13115000025
954,Floyd,7000000US13115000055
955,Floyd,7000000US13115000125
956,Floyd,7000000US13115000045
957,Forsyth,7000000US13117000004
958,Forsyth,7000000US13117000002
959,Forsyth,7000000US13117000003
960,Forsyth,7000000US13117000005
961,Forsyth,7000000US13117000027
962,Forsyth,7000000US13117000007
963,Forsyth,7000000US13117000016
964,Forsyth,7000000US13117000001
965,Forsyth,7000000US13117000034
966,Forsyth,7000000US13117000029
967,Forsyth,7000000US13117000006
968,Forsyth,7000000US13117000035
969,Forsyth,7000000US13117000008
970,Forsyth,7000000US13117000010
971,Forsyth,7000000US13117000036
972,Forsyth,7000000US13117000019
973,Forsyth,7000000US13117000037
974,Forsyth,7000000US13117000015
975,Forsyth,7000000US13117000021
976,Forsyth,7000000US13117000025
977,Franklin,7000000US13119000005
978,Franklin,7000000US13119000001
979,Franklin,7000000US13119000002
980,Franklin,7000000US13119000004
981,Franklin,7000000US13119000003
982,Franklin,7000000US13119000006
983,Franklin,7000000US13119000007
984,Fulton,7000000US131210SS29A
985,Fulton,7000000US131210SS29B
986,Fulton,7000000US1312100006N
987,Fulton,7000000US1312100006Q
988,Fulton,7000000US1312100007H
989,Fulton,7000000US131210011M1
990,Fulton,7000000US1312100007E
991,Fulton,7000000US1312100007N
992,Fulton,7000000US131210SC08C
993,Fulton,7000000US131210SC08D
994,Fulton,7000000US131210SC08E
995,Fulton,7000000US131210SC08F
996,Fulton,7000000US131210SC08G
997,Fulton,7000000US131210SC08H
998,Fulton,7000000US131210FA01D
999,Fulton,7000000US1312100JC05
1000,Fulton,7000000US1312100SS05
1001,Fulton,7000000US131210SS18A
1002,Fulton,7000000US131210SS18B
1003,Fulton,7000000US1312100011G
1004,Fulton,7000000US1312100012I
1005,Fulton,7000000US1312100003A
1006,Fulton,7000000US131210AP04A
1007,Fulton,7000000US131210AP04B
1008,Fulton,7000000US1312100AP06
1009,Fulton,7000000US131210AP07A
1010,Fulton,7000000US131210AP12A
1011,Fulton,7000000US131210AP12B
1012,Fulton,7000000US131210AP12C
1013,Fulton,7000000US1312100AP10
1014,Fulton,7000000US131210AP021
1015,Fulton,7000000US13121003P1A
1016,Fulton,7000000US131210003P2
1017,Fulton,7000000US1312100012S
1018,Fulton,7000000US131210EP03B
1019,Fulton,7000000US1312100008G
1020,Fulton,7000000US131210JC13A
1021,Fulton,7000000US131210JC13B
1022,Fulton,7000000US1312100FC02
1023,Fulton,7000000US131210SC08B
1024,Fulton,7000000US1312100JC19
1025,Fulton,7000000US131210SC07A
1026,Fulton,7000000US131210SC07C
1027,Fulton,7000000US1312100010K
1028,Fulton,7000000US1312100011H
1029,Fulton,7000000US1312100011N
1030,Fulton,7000000US1312100001T
1031,Fulton,7000000US1312100003S
1032,Fulton,7000000US1312100010F
1033,Fulton,7000000US131210SC11A
1034,Fulton,7000000US1312100001P
1035,Fulton,7000000US131210ML02A
1036,Fulton,7000000US131210ML02B
1037,Fulton,7000000US1312100009A
1038,Fulton,7000000US131210EP01B
1039,Fulton,7000000US131210008F1
1040,Fulton,7000000US131210EP04A
1041,Fulton,7000000US1312100007D
1042,Fulton,7000000US1312100007M
1043,Fulton,7000000US131210SC09A
1044,Fulton,7000000US131210SC09B
1045,Fulton,7000000US1312100002D
1046,Fulton,7000000US1312100005J
1047,Fulton,7000000US1312100004C
1048,Fulton,7000000US1312100004D
1049,Fulton,7000000US1312100010D
1050,Fulton,7000000US131210ML06B
1051,Fulton,7000000US131210EP04B
1052,Fulton,7000000US131210CP051
1053,Fulton,7000000US131210CP05B
1054,Fulton,7000000US131210CP06A
1055,Fulton,7000000US131210CP06B
1056,Fulton,7000000US131210CP07A
1057,Fulton,7000000US131210CP07B
1058,Fulton,7000000US131210CP07C
1059,Fulton,7000000US131210CP07D
1060,Fulton,7000000US131210CP07E
1061,Fulton,7000000US131210CP07F
1062,Fulton,7000000US1312100011K
1063,Fulton,7000000US1312100007F
1064,Fulton,7000000US1312100004F
1065,Fulton,7000000US1312100002C
1066,Fulton,7000000US1312100005F
1067,Fulton,7000000US1312100004J
1068,Fulton,7000000US1312100008B
1069,Fulton,7000000US1312100008C
1070,Fulton,7000000US1312100CH01
1071,Fulton,7000000US1312100CH02
1072,Fulton,7000000US1312100CH03
1073,Fulton,7000000US131210CH04A
1074,Fulton,7000000US1312100CH05
1075,Fulton,7000000US131210UC031
1076,Fulton,7000000US131210UC032
1077,Fulton,7000000US131210UC033
1078,Fulton,7000000US131210UC034
1079,Fulton,7000000US131210UC035
1080,Fulton,7000000US131210SS11A
1081,Fulton,7000000US1312100JC08
1082,Fulton,7000000US131210012E1
1083,Fulton,7000000US131210012H1
1084,Fulton,7000000US131210012H2
1085,Fulton,7000000US131210SC05B
1086,Fulton,7000000US131210SC05A
1087,Fulton,7000000US131210SC05D
1088,Fulton,7000000US131210SC05E
1089,Fulton,7000000US131210SC15A
1090,Fulton,7000000US1312100ML05
1091,Fulton,7000000US131210CP012
1092,Fulton,7000000US131210CP01B
1093,Fulton,7000000US1312100CP02
1094,Fulton,7000000US131210CP04A
1095,Fulton,7000000US131210CP04B
1096,Fulton,7000000US1312100010P
1097,Fulton,7000000US1312100010R
1098,Fulton,7000000US1312100011J
1099,Fulton,7000000US1312100009B
1100,Fulton,7000000US1312100008H
1101,Fulton,7000000US1312100RW01
1102,Fulton,7000000US1312100AP05
1103,Fulton,7000000US131210SC07D
1104,Fulton,7000000US131210SC11B
1105,Fulton,7000000US1312100RW08
1106,Fulton,7000000US131210005A1
1107,Fulton,7000000US1312100002S
1108,Fulton,7000000US1312100005K
1109,Fulton,7000000US131210011E3
1110,Fulton,7000000US1312100001C
1111,Fulton,7000000US1312100001S
1112,Fulton,7000000US1312100009E
1113,Fulton,7000000US1312100JC14
1114,Fulton,7000000US1312100JC15
1115,Fulton,7000000US131210JC04A
1116,Fulton,7000000US131210JC04B
1117,Fulton,7000000US131210JC04C
1118,Fulton,7000000US1312100004V
1119,Fulton,7000000US131210EP01A
1120,Fulton,7000000US1312100RW20
1121,Fulton,7000000US1312100RW05
1122,Fulton,7000000US1312100RW17
1123,Fulton,7000000US131210UC02A
1124,Fulton,7000000US131210UC02B
1125,Fulton,7000000US1312100001F
1126,Fulton,7000000US1312100001G
1127,Fulton,7000000US131210UC01A
1128,Fulton,7000000US131210UC01B
1129,Fulton,7000000US131210UC01C
1130,Fulton,7000000US131210UC01D
1131,Fulton,7000000US131210UC01E
1132,Fulton,7000000US1312100011C
1133,Fulton,7000000US131210JC03A
1134,Fulton,7000000US131210JC03B
1135,Fulton,7000000US1312100SC04
1136,Fulton,7000000US131210FA01B
1137,Fulton,7000000US1312100006R
1138,Fulton,7000000US1312100004B
1139,Fulton,7000000US1312100009G
1140,Fulton,7000000US1312100003T
1141,Fulton,7000000US131210SC18A
1142,Fulton,7000000US131210SC18B
1143,Fulton,7000000US131210SC18C
1144,Fulton,7000000US131210002L2
1145,Fulton,7000000US1312100003I
1146,Fulton,7000000US1312100001D
1147,Fulton,7000000US1312100001E
1148,Fulton,7000000US1312100008K
1149,Fulton,7000000US1312100003E
1150,Fulton,7000000US1312100003B
1151,Fulton,7000000US1312100003H
1152,Fulton,7000000US1312100009I
1153,Fulton,7000000US131210SS08A
1154,Fulton,7000000US131210SS08B
1155,Fulton,7000000US131210SS08C
1156,Fulton,7000000US131210SS08D
1157,Fulton,7000000US131210FA01C
1158,Fulton,7000000US131210006D2
1159,Fulton,7000000US131210AP01C
1160,Fulton,7000000US131210AP01D
1161,Fulton,7000000US1312100SC16
1162,Fulton,7000000US1312100002G
1163,Fulton,7000000US1312100RW16
1164,Fulton,7000000US131210SS07A
1165,Fulton,7000000US131210SS07B
1166,Fulton,7000000US131210SS07C
1167,Fulton,7000000US131210SS11B
1168,Fulton,7000000US131210SS11C
1169,Fulton,7000000US131210SS11D
1170,Fulton,7000000US131210RW22A
1171,Fulton,7000000US131210002A1
1172,Fulton,7000000US1312100ML03
1173,Fulton,7000000US131210ML07A
1174,Fulton,7000000US131210ML07B
1175,Fulton,7000000US1312100ML04
1176,Fulton,7000000US1312100HP01
1177,Fulton,7000000US131210EP02B
1178,Fulton,7000000US131210EP02D
1179,Fulton,7000000US131210EP02E
1180,Fulton,7000000US1312100RW02
1181,Fulton,7000000US131210SS19A
1182,Fulton,7000000US1312100009C
1183,Fulton,7000000US1312100010E
1184,Fulton,7000000US1312100008A
1185,Fulton,7000000US1312100004G
1186,Fulton,7000000US1312100004M
1187,Fulton,7000000US131210EP02A
1188,Fulton,7000000US131210EP02C
1189,Fulton,7000000US1312100012F
1190,Fulton,7000000US1312100RW21
1191,Fulton,7000000US1312100JC11
1192,Fulton,7000000US1312100JC02
1193,Fulton,7000000US1312100SS03
1194,Fulton,7000000US131210005A2
1195,Fulton,7000000US1312100SC13
1196,Fulton,7000000US1312100RW12
1197,Fulton,7000000US1312100001H
1198,Fulton,7000000US1312100001I
1199,Fulton,7000000US1312100005B
1200,Fulton,7000000US1312100005C
1201,Fulton,7000000US1312100SS01
1202,Fulton,7000000US1312100003N
1203,Fulton,7000000US1312100002E
1204,Fulton,7000000US1312100001J
1205,Fulton,7000000US131210SC23B
1206,Fulton,7000000US131210SC23C
1207,Fulton,7000000US131210002L1
1208,Fulton,7000000US1312100003M
1209,Fulton,7000000US131210ML06A
1210,Fulton,7000000US1312100010M
1211,Fulton,7000000US1312100JC10
1212,Fulton,7000000US1312100012A
1213,Fulton,7000000US131210ML01A
1214,Fulton,7000000US131210ML01B
1215,Fulton,7000000US1312100AP03
1216,Fulton,7000000US131210RW07A
1217,Fulton,7000000US131210RW07B
1218,Fulton,7000000US1312100004W
1219,Fulton,7000000US1312100006D
1220,Fulton,7000000US1312100006E
1221,Fulton,7000000US1312100006B
1222,Fulton,7000000US1312100006J
1223,Fulton,7000000US1312100006S
1224,Fulton,7000000US131210006D1
1225,Fulton,7000000US1312100008E
1226,Fulton,7000000US1312100009F
1227,Fulton,7000000US1312100011R
1228,Fulton,7000000US1312100008P
1229,Fulton,7000000US1312100009H
1230,Fulton,7000000US1312100JC18
1231,Fulton,7000000US131210SS09A
1232,Fulton,7000000US1312100MP01
1233,Fulton,7000000US131210SC23A
1234,Fulton,7000000US131210AP01A
1235,Fulton,7000000US131210SS19B
1236,Fulton,7000000US131210SS13A
1237,Fulton,7000000US131210SS13B
1238,Fulton,7000000US1312100RW19
1239,Fulton,7000000US1312100SS26
1240,Fulton,7000000US1312100JC12
1241,Fulton,7000000US1312100008D
1242,Fulton,7000000US1312100JC06
1243,Fulton,7000000US1312100009K
1244,Fulton,7000000US1312100RW13
1245,Fulton,7000000US131210SC211
1246,Fulton,7000000US131210SC212
1247,Fulton,7000000US1312100AP14
1248,Fulton,7000000US1312100010C
1249,Fulton,7000000US131210FA01A
1250,Fulton,7000000US1312100001B
1251,Fulton,7000000US1312100PA01
1252,Fulton,7000000US1312100002J
1253,Fulton,7000000US1312100002K
1254,Fulton,7000000US1312100006G
1255,Fulton,7000000US1312100001A
1256,Fulton,7000000US1312100004I
1257,Fulton,7000000US1312100002W
1258,Fulton,7000000US1312100003F
1259,Fulton,7000000US131210006L1
1260,Fulton,7000000US131210006L2
1261,Fulton,7000000US1312100006I
1262,Fulton,7000000US1312100007J
1263,Fulton,7000000US1312100008M
1264,Fulton,7000000US1312100012D
1265,Fulton,7000000US1312100012G
1266,Fulton,7000000US1312100002A
1267,Fulton,7000000US1312100012K
1268,Fulton,7000000US1312100012N
1269,Fulton,7000000US131210002F1
1270,Fulton,7000000US131210002F2
1271,Fulton,7000000US1312100006F
1272,Fulton,7000000US1312100JC16
1273,Fulton,7000000US1312100003C
1274,Fulton,7000000US1312100011B
1275,Fulton,7000000US1312100SS12
1276,Fulton,7000000US1312100SS14
1277,Fulton,7000000US1312100RW04
1278,Fulton,7000000US1312100008L
1279,Fulton,7000000US131210SC09C
1280,Fulton,7000000US1312100SC27
1281,Fulton,7000000US1312100012J
1282,Fulton,7000000US1312100RW09
1283,Fulton,7000000US131210RW11A
1284,Fulton,7000000US1312100RW10
1285,Fulton,7000000US131210SC29A
1286,Fulton,7000000US131210SC29B
1287,Fulton,7000000US131210AP01B
1288,Fulton,7000000US131210AP07B
1289,Fulton,7000000US1312100002B
1290,Fulton,7000000US1312100005D
1291,Fulton,7000000US1312100011P
1292,Fulton,7000000US1312100RW06
1293,Fulton,7000000US1312100009D
1294,Fulton,7000000US1312100FC03
1295,Fulton,7000000US131210SC16A
1296,Fulton,7000000US1312100SS06
1297,Fulton,7000000US1312100SS31
1298,Fulton,7000000US131210SS15A
1299,Fulton,7000000US131210SS15B
1300,Fulton,7000000US131210SS09B
1301,Fulton,7000000US1312100007A
1302,Fulton,7000000US131210007A1
1303,Fulton,7000000US1312100007C
1304,Fulton,7000000US131210009K1
1305,Fulton,7000000US1312100JC01
1306,Fulton,7000000US131210JC01A
1307,Fulton,7000000US1312100SS22
1308,Fulton,7000000US1312100003G
1309,Fulton,7000000US1312100003L
1310,Fulton,7000000US131210SC19A
1311,Fulton,7000000US131210SC19B
1312,Fulton,7000000US1312100012M
1313,Fulton,7000000US1312100SC02
1314,Fulton,7000000US131210011B1
1315,Fulton,7000000US131210SC14A
1316,Fulton,7000000US131210SC30A
1317,Fulton,7000000US131210SC30B
1318,Fulton,7000000US131210SS02A
1319,Fulton,7000000US131210SS02B
1320,Fulton,7000000US1312100009M
1321,Fulton,7000000US1312100007B
1322,Fulton,7000000US1312100SS04
1323,Fulton,7000000US1312100010G
1324,Fulton,7000000US131210010H1
1325,Fulton,7000000US131210010H2
1326,Fulton,7000000US1312100004S
1327,Fulton,7000000US131210EP03A
1328,Fulton,7000000US131210012E2
1329,Fulton,7000000US131210ML03A
1330,Fulton,7000000US1312100008J
1331,Fulton,7000000US131210RW12A
1332,Fulton,7000000US131210012A1
1333,Fulton,7000000US1312100JC09
1334,Fulton,7000000US1312100SS17
1335,Fulton,7000000US1312100SC15
1336,Fulton,7000000US13121002L1A
1337,Fulton,7000000US131210UC02C
1338,Fulton,7000000US1312100010A
1339,Fulton,7000000US1312100012L
1340,Fulton,7000000US1312100011M
1341,Fulton,7000000US1312100001R
1342,Fulton,7000000US131210CP081
1343,Fulton,7000000US131210CP083
1344,Fulton,7000000US131210CP084
1345,Fulton,7000000US131210CP08A
1346,Fulton,7000000US1312100SC10
1347,Fulton,7000000US131210008N1
1348,Fulton,7000000US131210008N2
1349,Fulton,7000000US131210004X1
1350,Fulton,7000000US131210004X2
1351,Fulton,7000000US1312100RW03
1352,Fulton,7000000US1312100004T
1353,Fulton,7000000US1312100003D
1354,Fulton,7000000US1312100004A
1355,Fulton,7000000US131210AP09A
1356,Fulton,7000000US131210AP09B
1357,Fulton,7000000US131210SC17A
1358,Fulton,7000000US131210SC17B
1359,Fulton,7000000US131210SC17C
1360,Fulton,7000000US1312100004K
1361,Fulton,7000000US1312100004L
1362,Fulton,7000000US1312100010B
1363,Fulton,7000000US1312100010I
1364,Fulton,7000000US1312100FC01
1365,Fulton,7000000US131210SC01A
1366,Fulton,7000000US131210SC01B
1367,Fulton,7000000US131210SC01C
1368,Fulton,7000000US1312100010J
1369,Fulton,7000000US131210011E1
1370,Fulton,7000000US131210011E2
1371,Fulton,7000000US131210AP022
1372,Fulton,7000000US131210AP02B
1373,Fulton,7000000US1312100JC07
1374,Fulton,7000000US1312100SC20
1375,Fulton,7000000US1312100SS20
1376,Fulton,7000000US131210EP04C
1377,Fulton,7000000US131210RW09A
1378,Gilmer,7000000US13123000012
1379,Gilmer,7000000US13123000007
1380,Gilmer,7000000US13123000006
1381,Gilmer,7000000US13123000001
1382,Gilmer,7000000US13123000010
1383,Gilmer,7000000US13123000009
1384,Gilmer,7000000US13123000005
1385,Gilmer,7000000US13123000013
1386,Gilmer,7000000US13123000008
1387,Gilmer,7000000US13123000002
1388,Gilmer,7000000US13123000004
1389,Gilmer,7000000US13123000003
1390,Gilmer,7000000US13123000011
1391,Glascock,7000000US1312500EDGH
1392,Glascock,7000000US1312500GIBS
1393,Glascock,7000000US1312500MILL
1394,Glascock,7000000US1312500MITC
1395,Glynn,7000000US13127004913
1396,Glynn,7000000US13127001943
1397,Glynn,7000000US13127001923
1398,Glynn,7000000US13127003743
1399,Glynn,7000000US13127002713
1400,Glynn,7000000US13127005913
1401,Glynn,7000000US13127003733
1402,Glynn,7000000US13127002923
1403,Glynn,7000000US13127005923
1404,Glynn,7000000US13127002953
1405,Glynn,7000000US13127004923
1406,Glynn,7000000US13127001933
1407,Glynn,7000000US13127003723
1408,Glynn,7000000US13127005943
1409,Glynn,7000000US13127002943
1410,Glynn,7000000US13127002933
1411,Glynn,7000000US13127003713
1412,Glynn,7000000US13127001713
1413,Glynn,7000000US13127004933
1414,Glynn,7000000US13127005933
1415,Gordon,7000000US131290849-A
1416,Gordon,7000000US131290849-B
1417,Gordon,7000000US13129001063
1418,Gordon,7000000US13129001057
1419,Gordon,7000000US13129000874
1420,Gordon,7000000US13129001235
1421,Gordon,7000000US13129001064
1422,Gordon,7000000US13129001055
1423,Gordon,7000000US13129000973
1424,Gordon,7000000US13129000980
1425,Gordon,7000000US13129001056
1426,Gordon,7000000US13129001054
1427,Gordon,7000000US13129000856
1428,Grady,7000000US13131000C05
1429,Grady,7000000US131310000SH
1430,Grady,7000000US1313100000W
1431,Grady,7000000US13131000C04
1432,Grady,7000000US131310000WL
1433,Grady,7000000US1313100000H
1434,Grady,7000000US1313100000R
1435,Grady,7000000US1313100000D
1436,Grady,7000000US1313100000M
1437,Grady,7000000US1313100000B
1438,Grady,7000000US1313100000L
1439,Grady,7000000US1313100000P
1440,Grady,7000000US1313100000S
1441,Greene,7000000US13133000001
1442,Greene,7000000US13133000008
1443,Greene,7000000US13133000005
1444,Greene,7000000US13133000006
1445,Greene,7000000US13133000004
1446,Gwinnett,7000000US13135000011
1447,Gwinnett,7000000US13135000015
1448,Gwinnett,7000000US13135000099
1449,Gwinnett,7000000US13135000116
1450,Gwinnett,7000000US13135000122
1451,Gwinnett,7000000US13135000002
1452,Gwinnett,7000000US13135000033
1453,Gwinnett,7000000US13135000066
1454,Gwinnett,7000000US13135000057
1455,Gwinnett,7000000US13135000050
1456,Gwinnett,7000000US13135000074
1457,Gwinnett,7000000US13135000058
1458,Gwinnett,7000000US13135000035
1459,Gwinnett,7000000US13135000120
1460,Gwinnett,7000000US13135000038
1461,Gwinnett,7000000US13135000088
1462,Gwinnett,7000000US13135000115
1463,Gwinnett,7000000US13135000019
1464,Gwinnett,7000000US13135000009
1465,Gwinnett,7000000US13135000024
1466,Gwinnett,7000000US13135000096
1467,Gwinnett,7000000US13135000090
1468,Gwinnett,7000000US13135000065
1469,Gwinnett,7000000US13135000047
1470,Gwinnett,7000000US13135000044
1471,Gwinnett,7000000US13135000153
1472,Gwinnett,7000000US13135000111
1473,Gwinnett,7000000US13135000134
1474,Gwinnett,7000000US13135000124
1475,Gwinnett,7000000US13135000070
1476,Gwinnett,7000000US13135000156
1477,Gwinnett,7000000US13135000086
1478,Gwinnett,7000000US13135000147
1479,Gwinnett,7000000US13135000093
1480,Gwinnett,7000000US13135000085
1481,Gwinnett,7000000US13135000133
1482,Gwinnett,7000000US13135000144
1483,Gwinnett,7000000US13135000007
1484,Gwinnett,7000000US13135000056
1485,Gwinnett,7000000US13135000129
1486,Gwinnett,7000000US13135000151
1487,Gwinnett,7000000US13135000155
1488,Gwinnett,7000000US13135000076
1489,Gwinnett,7000000US13135000005
1490,Gwinnett,7000000US13135000072
1491,Gwinnett,7000000US13135000091
1492,Gwinnett,7000000US13135000084
1493,Gwinnett,7000000US13135000029
1494,Gwinnett,7000000US13135000107
1495,Gwinnett,7000000US13135000046
1496,Gwinnett,7000000US13135000137
1497,Gwinnett,7000000US13135000110
1498,Gwinnett,7000000US13135000100
1499,Gwinnett,7000000US13135000069
1500,Gwinnett,7000000US13135000152
1501,Gwinnett,7000000US13135000080
1502,Gwinnett,7000000US13135000145
1503,Gwinnett,7000000US13135000127
1504,Gwinnett,7000000US13135000078
1505,Gwinnett,7000000US13135000149
1506,Gwinnett,7000000US13135000077
1507,Gwinnett,7000000US13135000079
1508,Gwinnett,7000000US13135000016
1509,Gwinnett,7000000US13135000017
1510,Gwinnett,7000000US13135000039
1511,Gwinnett,7000000US13135000013
1512,Gwinnett,7000000US13135000001
1513,Gwinnett,7000000US13135000102
1514,Gwinnett,7000000US13135000092
1515,Gwinnett,7000000US13135000003
1516,Gwinnett,7000000US13135000114
1517,Gwinnett,7000000US13135000138
1518,Gwinnett,7000000US13135000123
1519,Gwinnett,7000000US13135000051
1520,Gwinnett,7000000US13135000095
1521,Gwinnett,7000000US13135000135
1522,Gwinnett,7000000US13135000042
1523,Gwinnett,7000000US13135000097
1524,Gwinnett,7000000US13135000125
1525,Gwinnett,7000000US13135000132
1526,Gwinnett,7000000US13135000117
1527,Gwinnett,7000000US13135000109
1528,Gwinnett,7000000US13135000119
1529,Gwinnett,7000000US13135000059
1530,Gwinnett,7000000US13135000089
1531,Gwinnett,7000000US13135000055
1532,Gwinnett,7000000US13135000104
1533,Gwinnett,7000000US13135000131
1534,Gwinnett,7000000US13135000034
1535,Gwinnett,7000000US13135000049
1536,Gwinnett,7000000US13135000012
1537,Gwinnett,7000000US13135000061
1538,Gwinnett,7000000US13135000048
1539,Gwinnett,7000000US13135000006
1540,Gwinnett,7000000US13135000023
1541,Gwinnett,7000000US13135000071
1542,Gwinnett,7000000US13135000112
1543,Gwinnett,7000000US13135000014
1544,Gwinnett,7000000US13135000118
1545,Gwinnett,7000000US13135000052
1546,Gwinnett,7000000US13135000136
1547,Gwinnett,7000000US13135000018
1548,Gwinnett,7000000US13135000032
1549,Gwinnett,7000000US13135000054
1550,Gwinnett,7000000US13135000121
1551,Gwinnett,7000000US13135000140
1552,Gwinnett,7000000US13135000068
1553,Gwinnett,7000000US13135000008
1554,Gwinnett,7000000US13135000067
1555,Gwinnett,7000000US13135000041
1556,Gwinnett,7000000US13135000073
1557,Gwinnett,7000000US13135000022
1558,Gwinnett,7000000US13135000062
1559,Gwinnett,7000000US13135000126
1560,Gwinnett,7000000US13135000128
1561,Gwinnett,7000000US13135000094
1562,Gwinnett,7000000US13135000040
1563,Gwinnett,7000000US13135000082
1564,Gwinnett,7000000US13135000027
1565,Gwinnett,7000000US13135000154
1566,Gwinnett,7000000US13135000060
1567,Gwinnett,7000000US13135000083
1568,Gwinnett,7000000US13135000130
1569,Gwinnett,7000000US13135000113
1570,Gwinnett,7000000US13135000026
1571,Gwinnett,7000000US13135000021
1572,Gwinnett,7000000US13135000045
1573,Gwinnett,7000000US13135000150
1574,Gwinnett,7000000US13135000063
1575,Gwinnett,7000000US13135000010
1576,Gwinnett,7000000US13135000108
1577,Gwinnett,7000000US13135000139
1578,Gwinnett,7000000US13135000148
1579,Gwinnett,7000000US13135000087
1580,Gwinnett,7000000US13135000025
1581,Gwinnett,7000000US13135000105
1582,Gwinnett,7000000US13135000020
1583,Gwinnett,7000000US13135000143
1584,Gwinnett,7000000US13135000142
1585,Gwinnett,7000000US13135000004
1586,Gwinnett,7000000US13135000106
1587,Gwinnett,7000000US13135000043
1588,Gwinnett,7000000US13135000141
1589,Gwinnett,7000000US13135000053
1590,Gwinnett,7000000US13135000103
1591,Gwinnett,7000000US13135000036
1592,Gwinnett,7000000US13135000028
1593,Gwinnett,7000000US13135000064
1594,Gwinnett,7000000US13135000030
1595,Gwinnett,7000000US13135000146
1596,Gwinnett,7000000US13135000098
1597,Gwinnett,7000000US13135000081
1598,Gwinnett,7000000US13135000101
1599,Gwinnett,7000000US13135000037
1600,Gwinnett,7000000US13135000031
1601,Gwinnett,7000000US13135000075
1602,Habersham,7000000US13137000007
1603,Habersham,7000000US13137000006
1604,Habersham,7000000US13137000005
1605,Habersham,7000000US13137000003
1606,Habersham,7000000US13137000002
1607,Habersham,7000000US13137000004
1608,Habersham,7000000US13137000001
1609,Hall,7000000US13139000024
1610,Hall,7000000US13139000029
1611,Hall,7000000US13139000017
1612,Hall,7000000US13139000008
1613,Hall,7000000US13139000002
1614,Hall,7000000US13139000009
1615,Hall,7000000US13139000014
1616,Hall,7000000US13139000012
1617,Hall,7000000US13139000022
1618,Hall,7000000US13139000006
1619,Hall,7000000US13139000013
1620,Hall,7000000US13139000021
1621,Hall,7000000US13139000020
1622,Hall,7000000US13139000005
1623,Hall,7000000US13139000023
1624,Hall,7000000US13139000011
1625,Hall,7000000US13139000010
1626,Hall,7000000US13139000027
1627,Hall,7000000US13139000025
1628,Hall,7000000US13139000018
1629,Hall,7000000US13139000007
1630,Hall,7000000US13139000030
1631,Hall,7000000US13139000015
1632,Hall,7000000US13139000003
1633,Hall,7000000US13139000004
1634,Hall,7000000US13139000026
1635,Hall,7000000US13139000001
1636,Hall,7000000US13139000019
1637,Hall,7000000US13139000031
1638,Hall,7000000US13139000016
1639,Hall,7000000US13139000028
1640,Hancock,7000000US1314100001A
1641,Hancock,7000000US1314100002A
1642,Hancock,7000000US1314100003A
1643,Hancock,7000000US1314100004C
1644,Hancock,7000000US1314100003B
1645,Hancock,7000000US1314100002B
1646,Hancock,7000000US1314100004B
1647,Hancock,7000000US1314100001B
1648,Hancock,7000000US1314100003C
1649,Hancock,7000000US1314100004A
1650,Haralson,7000000US13143000004
1651,Haralson,7000000US13143000002
1652,Haralson,7000000US13143000010
1653,Haralson,7000000US13143000006
1654,Haralson,7000000US13143000005
1655,Haralson,7000000US13143000007
1656,Haralson,7000000US13143000008
1657,Haralson,7000000US13143000009
1658,Haralson,7000000US13143000003
1659,Haralson,7000000US13143000011
1660,Haralson,7000000US13143000012
1661,Haralson,7000000US13143000013
1662,Harris,7000000US131450000SK
1663,Harris,7000000US131450000EL
1664,Harris,7000000US131450000CA
1665,Harris,7000000US131450000HA
1666,Harris,7000000US131450000MG
1667,Harris,7000000US131450000U9
1668,Harris,7000000US131450000GM
1669,Harris,7000000US131450000PV
1670,Harris,7000000US131450000L9
1671,Harris,7000000US131450000VP
1672,Harris,7000000US131450000WA
1673,Harris,7000000US131450000WH
1674,Hart,7000000US13147000008
1675,Hart,7000000US13147000006
1676,Hart,7000000US13147000004
1677,Hart,7000000US13147000003
1678,Hart,7000000US13147000002
1679,Hart,7000000US13147000007
1680,Hart,7000000US13147000005
1681,Heard,7000000US13149000CEN
1682,Heard,7000000US13149000EPH
1683,Heard,7000000US13149000ENO
1684,Heard,7000000US13149000SOU
1685,Heard,7000000US13149000COO
1686,Heard,7000000US13149000FRA
1687,Henry,7000000US13151000030
1688,Henry,7000000US13151000041
1689,Henry,7000000US13151000052
1690,Henry,7000000US13151000046
1691,Henry,7000000US13151000031
1692,Henry,7000000US13151000047
1693,Henry,7000000US13151000044
1694,Henry,7000000US13151000061
1695,Henry,7000000US13151000057
1696,Henry,7000000US13151000053
1697,Henry,7000000US13151000034
1698,Henry,7000000US13151000029
1699,Henry,7000000US13151000060
1700,Henry,7000000US13151000042
1701,Henry,7000000US13151000050
1702,Henry,7000000US13151000055
1703,Henry,7000000US13151000032
1704,Henry,7000000US13151000056
1705,Henry,7000000US13151000048
1706,Henry,7000000US13151000025
1707,Henry,7000000US13151000059
1708,Henry,7000000US13151000035
1709,Henry,7000000US13151000054
1710,Henry,7000000US13151000058
1711,Henry,7000000US13151000027
1712,Henry,7000000US13151000045
1713,Henry,7000000US13151000051
1714,Henry,7000000US13151000026
1715,Henry,7000000US13151000033
1716,Henry,7000000US13151000037
1717,Henry,7000000US13151000036
1718,Henry,7000000US13151000049
1719,Henry,7000000US13151000062
1720,Henry,7000000US13151000043
1721,Henry,7000000US13151000039
1722,Henry,7000000US13151000038
1723,Henry,7000000US13151000028
1724,Houston,7000000US13153000BMS
1725,Houston,7000000US1315300CENT
1726,Houston,7000000US1315300CGTC
1727,Houston,7000000US1315300ANNX
1728,Houston,7000000US1315300FMMS
1729,Houston,7000000US1315300HAFS
1730,Houston,7000000US1315300HEFS
1731,Houston,7000000US1315300HCTC
1732,Houston,7000000US1315300HHPC
1733,Houston,7000000US1315300MILL
1734,Houston,7000000US1315300MCMS
1735,Houston,7000000US1315300NSES
1736,Houston,7000000US1315300ROZR
1737,Houston,7000000US1315300TWPK
1738,Houston,7000000US13153000TMS
1739,Houston,7000000US13153000VHS
1740,Houston,7000000US1315300RECR
1741,Irwin,7000000US13155001753
1742,Irwin,7000000US13155000901
1743,Irwin,7000000US13155001529
1744,Jackson,7000000US13157003000
1745,Jackson,7000000US13157001000
1746,Jackson,7000000US13157002000
1747,Jackson,7000000US13157004000
1748,Jasper,7000000US13159000296
1749,Jasper,7000000US13159000295
1750,Jasper,7000000US13159000290
1751,Jeff Davis,7000000US13161000202
1752,Jeff Davis,7000000US13161000402
1753,Jeff Davis,7000000US13161000100
1754,Jeff Davis,7000000US13161000502
1755,Jeff Davis,7000000US13161000302
1756,Jeff Davis,7000000US13161000201
1757,Jeff Davis,7000000US13161000301
1758,Jeff Davis,7000000US13161000401
1759,Jeff Davis,7000000US13161000501
1760,Jefferson,7000000US13163001593
1761,Jefferson,7000000US13163000085
1762,Jefferson,7000000US13163000081
1763,Jefferson,7000000US13163000082
1764,Jefferson,7000000US13163000077
1765,Jefferson,7000000US13163001460
1766,Jefferson,7000000US13163000076
1767,Jefferson,7000000US13163000083
1768,Jenkins,7000000US13165000005
1769,Jenkins,7000000US13165000003
1770,Jenkins,7000000US13165000001
1771,Jenkins,7000000US13165000002
1772,Jenkins,7000000US13165000004
1773,Johnson,7000000US13167000055
1774,Johnson,7000000US13167001301
1775,Johnson,7000000US13167001266
1776,Johnson,7000000US13167001201
1777,Jones,7000000US13169000008
1778,Jones,7000000US13169000001
1779,Jones,7000000US13169000005
1780,Jones,7000000US13169000004
1781,Jones,7000000US13169000009
1782,Jones,7000000US13169000003
1783,Jones,7000000US13169000010
1784,Jones,7000000US13169000002
1785,Jones,7000000US13169000006
1786,Jones,7000000US13169000011
1787,Lamar,7000000US1317101712A
1788,Lamar,7000000US13171001711
1789,Lamar,7000000US13171001713
1790,Lamar,7000000US13171001714
1791,Lamar,7000000US1317101712C
1792,Lamar,7000000US1317101712B
1793,Lanier,7000000US13173000001
1794,Laurens,7000000US13175000011
1795,Laurens,7000000US13175000007
1796,Laurens,7000000US13175000010
1797,Laurens,7000000US13175000008
1798,Laurens,7000000US13175000013
1799,Laurens,7000000US13175000012
1800,Laurens,7000000US13175000003
1801,Laurens,7000000US13175000005
1802,Laurens,7000000US13175000022
1803,Laurens,7000000US13175000015
1804,Laurens,7000000US13175000014
1805,Laurens,7000000US13175000019
1806,Laurens,7000000US13175000016
1807,Laurens,7000000US13175000021
1808,Laurens,7000000US13175000004
1809,Laurens,7000000US13175000018
1810,Lee,7000000US13177000009
1811,Lee,7000000US13177000001
1812,Lee,7000000US13177000003
1813,Lee,7000000US13177000006
1814,Lee,7000000US13177000008
1815,Lee,7000000US13177000005
1816,Lee,7000000US13177000004
1817,Lee,7000000US13177000010
1818,Lee,7000000US13177000007
1819,Lee,7000000US13177000002
1820,Liberty,7000000US13179000014
1821,Liberty,7000000US13179000007
1822,Liberty,7000000US13179000012
1823,Liberty,7000000US13179000013
1824,Liberty,7000000US13179000002
1825,Liberty,7000000US13179000006
1826,Liberty,7000000US13179000005
1827,Liberty,7000000US13179000009
1828,Liberty,7000000US13179000011
1829,Liberty,7000000US13179000003
1830,Liberty,7000000US13179000010
1831,Liberty,7000000US13179000001
1832,Liberty,7000000US13179000004
1833,Lincoln,7000000US131810004-A
1834,Lincoln,7000000US131810003-A
1835,Lincoln,7000000US13181000002
1836,Lincoln,7000000US131810001-B
1837,Lincoln,7000000US131810004-B
1838,Lincoln,7000000US131810001-A
1839,Lincoln,7000000US131810003-B
1840,Long,7000000US13183000006
1841,Long,7000000US13183000004
1842,Long,7000000US13183000007
1843,Long,7000000US13183000002
1844,Long,7000000US13183000001
1845,Long,7000000US13183000003
1846,Long,7000000US13183000005
1847,Lowndes,7000000US13185000001
1848,Lowndes,7000000US13185000002
1849,Lowndes,7000000US13185000003
1850,Lowndes,7000000US13185000004
1851,Lowndes,7000000US13185000005
1852,Lowndes,7000000US13185000006
1853,Lowndes,7000000US13185000007
1854,Lowndes,7000000US13185000008
1855,Lowndes,7000000US13185000009
1856,Lowndes,7000000US13185000010
1857,Lowndes,7000000US13185000011
1858,Lowndes,7000000US13185000012
1859,Lowndes,7000000US13185000013
1860,Lumpkin,7000000US131870000DA
1861,Macon,7000000US13193000004
1862,Macon,7000000US13193000001
1863,Macon,7000000US13193000002
1864,Macon,7000000US13193000005
1865,Macon,7000000US13193000003
1866,Madison,7000000US13195000FOR
1867,Madison,7000000US13195000COM
1868,Madison,7000000US13195000COB
1869,Madison,7000000US13195000COL
1870,Madison,7000000US13195000HAR
1871,Madison,7000000US13195000HUL
1872,Madison,7000000US13195000ILA
1873,Madison,7000000US13195000MIL
1874,Madison,7000000US13195000DAN
1875,Madison,7000000US13195000PAO
1876,Madison,7000000US13195000POC
1877,Madison,7000000US13195000PIT
1878,Marion,7000000US13197000948
1879,Marion,7000000US13197000807
1880,Marion,7000000US13197000955
1881,Marion,7000000US13197000339
1882,Marion,7000000US13197000808
1883,Meriwether,7000000US13199000008
1884,Meriwether,7000000US13199000004
1885,Meriwether,7000000US13199000011
1886,Meriwether,7000000US13199000002
1887,Meriwether,7000000US13199000014
1888,Meriwether,7000000US13199000012
1889,Meriwether,7000000US13199000001
1890,Meriwether,7000000US13199000013
1891,Meriwether,7000000US13199000006
1892,Meriwether,7000000US13199000007
1893,Meriwether,7000000US13199000003
1894,Meriwether,7000000US13199000005
1895,Meriwether,7000000US13199000009
1896,Meriwether,7000000US13199000010
1897,Miller,7000000US13201000001
1898,Mitchell,7000000US132050000BV
1899,Mitchell,7000000US132050000PE
1900,Mitchell,7000000US132050000CS
1901,Mitchell,7000000US132050000CT
1902,Mitchell,7000000US132050000HI
1903,Mitchell,7000000US132050000HF
1904,Mitchell,7000000US132050000BA
1905,Mitchell,7000000US132050000CN
1906,Mitchell,7000000US132050000LS
1907,Mitchell,7000000US132050000PC
1908,Mitchell,7000000US132050000SC
1909,Monroe,7000000US13207000005
1910,Monroe,7000000US13207000004
1911,Monroe,7000000US13207000006
1912,Monroe,7000000US13207000008
1913,Monroe,7000000US13207000010
1914,Monroe,7000000US13207000012
1915,Monroe,7000000US13207000007
1916,Monroe,7000000US13207000009
1917,Monroe,7000000US13207000003
1918,Monroe,7000000US13207000013
1919,Monroe,7000000US13207000001
1920,Monroe,7000000US13207000014
1921,Monroe,7000000US13207000011
1922,Monroe,7000000US13207000002
1923,Montgomery,7000000US13209000005
1924,Montgomery,7000000US13209000001
1925,Montgomery,7000000US13209000002
1926,Montgomery,7000000US13209000003
1927,Montgomery,7000000US13209000004
1928,Montgomery,7000000US13209000006
1929,Montgomery,7000000US13209000007
1930,Morgan,7000000US13211000003
1931,Morgan,7000000US13211000002
1932,Morgan,7000000US13211000006
1933,Morgan,7000000US13211000005
1934,Morgan,7000000US13211000007
1935,Morgan,7000000US13211000004
1936,Morgan,7000000US13211000001
1937,Murray,7000000US13213000874
1938,Murray,7000000US13213001291
1939,Murray,7000000US13213000872
1940,Murray,7000000US13213001013
1941,Murray,7000000US13213000824
1942,Murray,7000000US13213001895
1943,Murray,7000000US13213001039
1944,Muscogee,7000000US13215000104
1945,Muscogee,7000000US13215000115
1946,Muscogee,7000000US13215000117
1947,Muscogee,7000000US13215000102
1948,Muscogee,7000000US13215000107
1949,Muscogee,7000000US13215000106
1950,Muscogee,7000000US13215000110
1951,Muscogee,7000000US13215000126
1952,Muscogee,7000000US13215000124
1953,Muscogee,7000000US13215000114
1954,Muscogee,7000000US13215000122
1955,Muscogee,7000000US13215000116
1956,Muscogee,7000000US13215000125
1957,Muscogee,7000000US13215000113
1958,Muscogee,7000000US13215000119
1959,Muscogee,7000000US13215000112
1960,Muscogee,7000000US13215000127
1961,Muscogee,7000000US13215000121
1962,Muscogee,7000000US13215000120
1963,Muscogee,7000000US13215000103
1964,Muscogee,7000000US13215000108
1965,Muscogee,7000000US13215000118
1966,Muscogee,7000000US13215000105
1967,Muscogee,7000000US13215000109
1968,Muscogee,7000000US13215000101
1969,Newton,7000000US13217000003
1970,Newton,7000000US13217000023
1971,Newton,7000000US13217000025
1972,Newton,7000000US13217000001
1973,Newton,7000000US13217000009
1974,Newton,7000000US13217000013
1975,Newton,7000000US13217000012
1976,Newton,7000000US13217000014
1977,Newton,7000000US13217000018
1978,Newton,7000000US13217000005
1979,Newton,7000000US13217000015
1980,Newton,7000000US13217000016
1981,Newton,7000000US13217000004
1982,Newton,7000000US13217000017
1983,Newton,7000000US13217000008
1984,Newton,7000000US13217000010
1985,Newton,7000000US13217000006
1986,Newton,7000000US13217000007
1987,Newton,7000000US13217000024
1988,Newton,7000000US13217000020
1989,Newton,7000000US13217000002
1990,Newton,7000000US13217000019
1991,Oconee,7000000US13219000003
1992,Oconee,7000000US13219000008
1993,Oconee,7000000US13219000004
1994,Oconee,7000000US13219000005
1995,Oconee,7000000US13219000009
1996,Oconee,7000000US13219000006
1997,Oconee,7000000US13219000007
1998,Oconee,7000000US13219000010
1999,Oconee,7000000US13219000011
2000,Oconee,7000000US13219000012
2001,Oconee,7000000US13219000002
2002,Oconee,7000000US13219000001
2003,Oglethorpe,7000000US132210000CR
2004,Oglethorpe,7000000US132210000LX
2005,Oglethorpe,7000000US132210000BV
2006,Paulding,7000000US1322300016C
2007,Paulding,7000000US1322300001B
2008,Paulding,7000000US1322300002C
2009,Paulding,7000000US1322300011C
2010,Paulding,7000000US1322300019C
2011,Paulding,7000000US1322300008C
2012,Paulding,7000000US1322300006B
2013,Paulding,7000000US1322300015C
2014,Paulding,7000000US1322300013B
2015,Paulding,7000000US1322300017C
2016,Paulding,7000000US1322300005C
2017,Paulding,7000000US1322300018C
2018,Paulding,7000000US1322300010B
2019,Paulding,7000000US1322300004C
2020,Paulding,7000000US1322300003C
2021,Paulding,7000000US1322300012C
2022,Paulding,7000000US1322300009B
2023,Paulding,7000000US1322300007B
2024,Paulding,7000000US1322300014B
2025,Peach,7000000US132250000F2
2026,Peach,7000000US132250000B2
2027,Peach,7000000US132250000B1
2028,Peach,7000000US132250000F1
2029,Peach,7000000US132250000P1
2030,Peach,7000000US132250000F3
2031,Peach,7000000US132250000C1
2032,Pickens,7000000US13227000010
2033,Pickens,7000000US13227000011
2034,Pickens,7000000US13227000002
2035,Pickens,7000000US13227000003
2036,Pickens,7000000US13227000008
2037,Pickens,7000000US13227000004
2038,Pickens,7000000US13227000005
2039,Pickens,7000000US13227000006
2040,Pickens,7000000US13227000012
2041,Pickens,7000000US13227000007
2042,Pickens,7000000US13227000009
2043,Pickens,7000000US13227000001
2044,Pierce,7000000US1322900003B
2045,Pierce,7000000US1322900004A
2046,Pierce,7000000US13229000001
2047,Pierce,7000000US13229000002
2048,Pierce,7000000US1322900003A
2049,Pierce,7000000US1322900004B
2050,Pierce,7000000US1322900004C
2051,Pierce,7000000US1322900004D
2052,Pike,7000000US13231000001
2053,Pike,7000000US13231000006
2054,Pike,7000000US13231000005
2055,Pike,7000000US13231000002
2056,Pike,7000000US13231000003
2057,Pike,7000000US13231000004
2058,Pike,7000000US13231000007
2059,Pike,7000000US13231000008
2060,Polk,7000000US13233000001
2061,Polk,7000000US13233000003
2062,Polk,7000000US13233000005
2063,Polk,7000000US13233000002
2064,Polk,7000000US13233000006
2065,Polk,7000000US13233000004
2066,Polk,7000000US13233000007
2067,Pulaski,7000000US132350ANNEX
2068,Putnam,7000000US13237000106
2069,Putnam,7000000US13237000105
2070,Putnam,7000000US13237000107
2071,Putnam,7000000US13237000101
2072,Putnam,7000000US13237000104
2073,Quitman,7000000US1323900000G
2074,Quitman,7000000US1323900000M
2075,Rabun,7000000US132410RABUN
2076,Randolph,7000000US13243000566
2077,Randolph,7000000US13243000131
2078,Randolph,7000000US1324300718A
2079,Randolph,7000000US1324300718B
2080,Randolph,7000000US13243000334
2081,Randolph,7000000US13243000954
2082,Richmond,7000000US13245000701
2083,Richmond,7000000US13245000101
2084,Richmond,7000000US13245000204
2085,Richmond,7000000US13245000304
2086,Richmond,7000000US13245000201
2087,Richmond,7000000US13245000210
2088,Richmond,7000000US13245000303
2089,Richmond,7000000US13245000114
2090,Richmond,7000000US13245000202
2091,Richmond,7000000US13245000801
2092,Richmond,7000000US1324500801B
2093,Richmond,7000000US13245000504
2094,Richmond,7000000US13245000603
2095,Richmond,7000000US13245000108
2096,Richmond,7000000US13245000301
2097,Richmond,7000000US13245000808
2098,Richmond,7000000US13245000601
2099,Richmond,7000000US13245000104
2100,Richmond,7000000US13245000305
2101,Richmond,7000000US13245000306
2102,Richmond,7000000US13245000308
2103,Richmond,7000000US13245000302
2104,Richmond,7000000US13245000507
2105,Richmond,7000000US13245000401
2106,Richmond,7000000US13245000607
2107,Richmond,7000000US13245000503
2108,Richmond,7000000US13245000804
2109,Richmond,7000000US1324500804H
2110,Richmond,7000000US13245000810
2111,Richmond,7000000US13245000406
2112,Richmond,7000000US13245000803
2113,Richmond,7000000US13245000807
2114,Richmond,7000000US13245000106
2115,Richmond,7000000US13245000107
2116,Richmond,7000000US13245000307
2117,Richmond,7000000US13245000102
2118,Richmond,7000000US13245000109
2119,Richmond,7000000US13245000112
2120,Richmond,7000000US13245000802
2121,Richmond,7000000US13245000402
2122,Richmond,7000000US13245000208
2123,Richmond,7000000US13245000105
2124,Richmond,7000000US13245000203
2125,Richmond,7000000US13245000207
2126,Richmond,7000000US13245000703
2127,Richmond,7000000US13245000501
2128,Richmond,7000000US13245000111
2129,Richmond,7000000US13245000608
2130,Richmond,7000000US13245000806
2131,Richmond,7000000US13245000310
2132,Richmond,7000000US13245000405
2133,Richmond,7000000US13245000809
2134,Richmond,7000000US13245000309
2135,Richmond,7000000US13245000115
2136,Richmond,7000000US13245000604
2137,Richmond,7000000US13245000805
2138,Richmond,7000000US13245000705
2139,Richmond,7000000US13245000702
2140,Richmond,7000000US13245000506
2141,Richmond,7000000US13245000605
2142,Richmond,7000000US13245000502
2143,Richmond,7000000US13245000707
2144,Richmond,7000000US13245000709
2145,Richmond,7000000US13245000103
2146,Richmond,7000000US13245000706
2147,Richmond,7000000US13245000708
2148,Richmond,7000000US13245000404
2149,Richmond,7000000US13245000509
2150,Rockdale,7000000US132470000FI
2151,Rockdale,7000000US132470000CO
2152,Rockdale,7000000US132470000FS
2153,Rockdale,7000000US132470000MA
2154,Rockdale,7000000US132470000HI
2155,Rockdale,7000000US132470000BA
2156,Rockdale,7000000US132470000SM
2157,Rockdale,7000000US132470000BT
2158,Rockdale,7000000US132470000LA
2159,Rockdale,7000000US132470000RO
2160,Rockdale,7000000US132470000MI
2161,Rockdale,7000000US132470000ST
2162,Rockdale,7000000US132470000OT
2163,Rockdale,7000000US132470000SP
2164,Rockdale,7000000US132470000HC
2165,Rockdale,7000000US132470000LO
2166,Schley,7000000US13249000001
2167,Screven,7000000US13251000006
2168,Screven,7000000US13251000012
2169,Screven,7000000US13251000009
2170,Screven,7000000US13251000007
2171,Screven,7000000US13251000002
2172,Screven,7000000US13251000011
2173,Screven,7000000US13251000004
2174,Screven,7000000US13251000003
2175,Screven,7000000US13251000005
2176,Screven,7000000US13251000008
2177,Screven,7000000US13251000010
2178,Screven,7000000US13251000001
2179,Seminole,7000000US13253000004
2180,Seminole,7000000US13253000002
2181,Seminole,7000000US13253000003
2182,Seminole,7000000US13253000005
2183,Seminole,7000000US13253000001
2184,Spalding,7000000US13255000017
2185,Spalding,7000000US13255000010
2186,Spalding,7000000US13255000006
2187,Spalding,7000000US13255000013
2188,Spalding,7000000US13255000021
2189,Spalding,7000000US13255000002
2190,Spalding,7000000US13255000019
2191,Spalding,7000000US13255000011
2192,Spalding,7000000US13255000007
2193,Spalding,7000000US13255000016
2194,Spalding,7000000US13255000018
2195,Spalding,7000000US13255000012
2196,Spalding,7000000US13255000015
2197,Spalding,7000000US13255000020
2198,Spalding,7000000US13255000001
2199,Spalding,7000000US13255000003
2200,Spalding,7000000US13255000008
2201,Spalding,7000000US13255000014
2202,Spalding,7000000US13255000005
2203,Spalding,7000000US13255000009
2204,Stephens,7000000US13257000SC1
2205,Stewart,7000000US13259000005
2206,Stewart,7000000US13259000004
2207,Stewart,7000000US13259000006
2208,Stewart,7000000US13259000002
2209,Sumter,7000000US132610C3-27
2210,Sumter,7000000US13261000029
2211,Sumter,7000000US1326100O-26
2212,Sumter,7000000US13261000028
2213,Sumter,7000000US1326100N-26
2214,Sumter,7000000US132610C2-27
2215,Sumter,7000000US13261000015
2216,Sumter,7000000US132610C1-27
2217,Sumter,7000000US1326100E-27
2218,Sumter,7000000US13261000017
2219,Sumter,7000000US1326100W-27
2220,Talbot,7000000US13263000006
2221,Talbot,7000000US13263000008
2222,Talbot,7000000US13263000004
2223,Talbot,7000000US13263000003
2224,Talbot,7000000US13263000001
2225,Talbot,7000000US13263000005
2226,Talbot,7000000US13263000002
2227,Taliaferro,7000000US13265000172
2228,Taliaferro,7000000US13265000601
2229,Tattnall,7000000US13267000005
2230,Tattnall,7000000US13267000001
2231,Tattnall,7000000US13267000009
2232,Tattnall,7000000US13267000004
2233,Tattnall,7000000US13267000003
2234,Tattnall,7000000US13267000010
2235,Tattnall,7000000US13267000007
2236,Tattnall,7000000US13267000008
2237,Taylor,7000000US13269000001
2238,Taylor,7000000US13269000006
2239,Taylor,7000000US13269000005
2240,Telfair,7000000US132710000SC
2241,Telfair,7000000US132710000HE
2242,Telfair,7000000US132710000JA
2243,Telfair,7000000US132710000LU
2244,Telfair,7000000US132710000MI
2245,Telfair,7000000US132710000MC
2246,Terrell,7000000US13273000003
2247,Terrell,7000000US13273000004
2248,Terrell,7000000US13273000001
2249,Terrell,7000000US13273000005
2250,Terrell,7000000US13273000006
2251,Terrell,7000000US13273000002
2252,Thomas,7000000US13275000101
2253,Thomas,7000000US13275000104
2254,Thomas,7000000US13275000112
2255,Thomas,7000000US13275000105
2256,Thomas,7000000US13275000107
2257,Thomas,7000000US13275000108
2258,Thomas,7000000US13275000109
2259,Thomas,7000000US13275000106
2260,Thomas,7000000US13275000111
2261,Thomas,7000000US13275000113
2262,Thomas,7000000US13275000114
2263,Thomas,7000000US13275000115
2264,Thomas,7000000US13275000102
2265,Thomas,7000000US13275000116
2266,Thomas,7000000US13275000117
2267,Thomas,7000000US13275000110
2268,Thomas,7000000US13275000120
2269,Thomas,7000000US13275000103
2270,Thomas,7000000US13275000118
2271,Thomas,7000000US13275000119
2272,Tift,7000000US13277000003
2273,Tift,7000000US13277000004
2274,Tift,7000000US13277000005
2275,Tift,7000000US13277000006
2276,Tift,7000000US13277000002
2277,Tift,7000000US13277000009
2278,Tift,7000000US13277000011
2279,Tift,7000000US13277000010
2280,Tift,7000000US13277000001
2281,Tift,7000000US13277000007
2282,Tift,7000000US13277000012
2283,Tift,7000000US13277000008
2284,Toombs,7000000US13279000039
2285,Toombs,7000000US13279000043
2286,Toombs,7000000US13279000514
2287,Toombs,7000000US13279015361
2288,Toombs,7000000US13279000513
2289,Towns,7000000US13281000833
2290,Towns,7000000US13281000990
2291,Towns,7000000US13281001468
2292,Treutlen,7000000US132830ANNEX
2293,Treutlen,7000000US1328300SOPE
2294,Troup,7000000US13285000002
2295,Troup,7000000US13285000012
2296,Troup,7000000US13285000007
2297,Troup,7000000US13285000003
2298,Troup,7000000US13285000011
2299,Troup,7000000US13285000004
2300,Troup,7000000US13285000010
2301,Troup,7000000US13285000006
2302,Troup,7000000US13285000001
2303,Troup,7000000US13285000016
2304,Troup,7000000US13285000013
2305,Troup,7000000US13285000008
2306,Troup,7000000US13285000015
2307,Troup,7000000US13285000005
2308,Turner,7000000US13287000002
2309,Turner,7000000US13287000001
2310,Turner,7000000US13287000003
2311,Twiggs,7000000US132890000HV
2312,Twiggs,7000000US132890000DB
2313,Twiggs,7000000US132890000GI
2314,Twiggs,7000000US1328900JV/W
2315,Twiggs,7000000US1328900SG/T
2316,Union,7000000US13291000003
2317,Union,7000000US13291000004
2318,Union,7000000US13291000005
2319,Union,7000000US13291000008
2320,Union,7000000US13291000001
2321,Union,7000000US13291000007
2322,Union,7000000US13291000002
2323,Union,7000000US13291000006
2324,Union,7000000US13291000011
2325,Union,7000000US13291000009
2326,Union,7000000US13291000010
2327,Upson,7000000US13293005610
2328,Upson,7000000US13293001610
2329,Upson,7000000US13293000589
2330,Upson,7000000US13293000588
2331,Walker,7000000US13295000953
2332,Walker,7000000US13295001501
2333,Walker,7000000US13295001818
2334,Walker,7000000US13295001893
2335,Walker,7000000US13295000944
2336,Walker,7000000US13295001809
2337,Walker,7000000US13295000871
2338,Walker,7000000US13295001851
2339,Walker,7000000US13295001161
2340,Walker,7000000US13295001812
2341,Walker,7000000US13295000917
2342,Walton,7000000US13297000421
2343,Walton,7000000US13297001675
2344,Walton,7000000US13297001663
2345,Walton,7000000US13297000414
2346,Walton,7000000US13297000422
2347,Walton,7000000US13297000423
2348,Walton,7000000US13297000425
2349,Walton,7000000US13297000559
2350,Walton,7000000US13297000502
2351,Walton,7000000US13297000417
2352,Walton,7000000US13297000424
2353,Walton,7000000US13297000426
2354,Walton,7000000US13297000419
2355,Walton,7000000US13297000420
2356,Walton,7000000US13297000418
2357,Walton,7000000US13297000427
2358,Walton,7000000US13297000415
2359,Walton,7000000US13297000503
2360,Walton,7000000US13297000416
2361,Walton,7000000US13297000250
2362,Walton,7000000US13297000454
2363,Ware,7000000US13299000407
2364,Ware,7000000US13299000404
2365,Ware,7000000US13299000100
2366,Ware,7000000US1329900200B
2367,Ware,7000000US13299000304
2368,Ware,7000000US13299000405
2369,Ware,7000000US13299000406
2370,Ware,7000000US1329900200A
2371,Ware,7000000US13299000408
2372,Ware,7000000US13299000400
2373,Ware,7000000US13299000300
2374,Ware,7000000US13299000409
2375,Warren,7000000US13301000001
2376,Washington,7000000US13303000094
2377,Washington,7000000US13303000099
2378,Washington,7000000US13303001488
2379,Washington,7000000US13303000091
2380,Washington,7000000US13303000088
2381,Washington,7000000US13303001253
2382,Washington,7000000US13303001350
2383,Washington,7000000US13303000097
2384,Wayne,7000000US1330500003A
2385,Wayne,7000000US1330500004A
2386,Wayne,7000000US1330500001C
2387,Wayne,7000000US1330500002D
2388,Wayne,7000000US1330500003B
2389,Wayne,7000000US1330500001A
2390,Wayne,7000000US1330500001B
2391,Wayne,7000000US1330500004B
2392,Wayne,7000000US1330500005B
2393,Wayne,7000000US1330500002A
2394,Wayne,7000000US1330500002C
2395,Wayne,7000000US1330500005A
2396,Webster,7000000US133070000P1
2397,Wheeler,7000000US13309000001
2398,Wheeler,7000000US13309000002
2399,White,7000000US13311000011
2400,White,7000000US13311000071
2401,White,7000000US13311000051
2402,White,7000000US13311000031
2403,White,7000000US13311000041
2404,White,7000000US13311000021
2405,White,7000000US13311000091
2406,White,7000000US13311000061
2407,White,7000000US13311000111
2408,White,7000000US13311000081
2409,White,7000000US13311000101
2410,Whitfield,7000000US133130000CA
2411,Whitfield,7000000US1331300001A
2412,Whitfield,7000000US133130000CO
2413,Whitfield,7000000US1331300005A
2414,Whitfield,7000000US1331300003A
2415,Whitfield,7000000US133130000NI
2416,Whitfield,7000000US1331300002A
2417,Whitfield,7000000US133130000DG
2418,Whitfield,7000000US133130000AN
2419,Whitfield,7000000US133130000TR
2420,Whitfield,7000000US133130000LT
2421,Whitfield,7000000US1331300006A
2422,Whitfield,7000000US133130000MC
2423,Whitfield,7000000US133130000FI
2424,Whitfield,7000000US133130000PG
2425,Whitfield,7000000US133130000ES
2426,Whitfield,7000000US133130000GL
2427,Whitfield,7000000US133130000TI
2428,Whitfield,7000000US133130000TH
2429,Whitfield,7000000US133130000UT
2430,Whitfield,7000000US133130000VA
2431,Whitfield,7000000US1331300004A
2432,Whitfield,7000000US133130000WS
2433,Wilcox,7000000US1331500002A
2434,Wilcox,7000000US1331500005A
2435,Wilcox,7000000US1331500001A
2436,Wilcox,7000000US1331500004A
2437,Wilcox,7000000US1331500002B
2438,Wilcox,7000000US1331500003A
2439,Wilkes,7000000US1331700004A
2440,Wilkes,7000000US1331700003A
2441,Wilkes,7000000US1331700002B
2442,Wilkes,7000000US1331700003B
2443,Wilkes,7000000US13317000001
2444,Wilkes,7000000US1331700004B
2445,Wilkes,7000000US1331700002A
2446,Wilkinson,7000000US13319000011
2447,Wilkinson,7000000US13319000002
2448,Wilkinson,7000000US13319000006
2449,Wilkinson,7000000US13319000003
2450,Wilkinson,7000000US13319000010
2451,Wilkinson,7000000US13319000005
2452,Wilkinson,7000000US13319000008
2453,Wilkinson,7000000US13319000004
2454,Wilkinson,7000000US13319000007
2455,Worth,7000000US13321000011
2456,Worth,7000000US13321000002
2457,Worth,7000000US13321000012
2458,Worth,7000000US13321000007
2459,Worth,7000000US13321000001
2460,Worth,7000000US13321000008
2461,Worth,7000000US13321000016
2462,Worth,7000000US13321000003
2463,Worth,7000000US13321000006
2464,Worth,7000000US13321000010
2465,Worth,7000000US13321000005
2466,Worth,7000000US13321000004
2467,Worth,7000000US13321000014
2468,Worth,7000000US13321000009
2469,Worth,7000000US13321000015
